Code,Year,Pref,Municip,EldPop
1101,2021,北海道,札幌市中央区,0.240005395653127
1102,2021,北海道,札幌市北区,0.274836671742886
1103,2021,北海道,札幌市東区,0.264448625403164
1104,2021,北海道,札幌市白石区,0.250706065348051
1105,2021,北海道,札幌市豊平区,0.255455919757046
1106,2021,北海道,札幌市南区,0.355345096964805
1107,2021,北海道,札幌市西区,0.280125116317637
1108,2021,北海道,札幌市厚別区,0.323373612980827
1109,2021,北海道,札幌市手稲区,0.312824754512099
1110,2021,北海道,札幌市清田区,0.300354239723033
1202,2021,北海道,函館市,0.359029159506047
1203,2021,北海道,小樽市,0.411602605396894
1204,2021,北海道,旭川市,0.340850786727848
1205,2021,北海道,室蘭市,0.379033649698015
1206,2021,北海道,釧路市,0.343166533129385
1207,2021,北海道,帯広市,0.295869945142968
1208,2021,北海道,北見市,0.337369519832985
1209,2021,北海道,夕張市,0.52784175585964
1210,2021,北海道,岩見沢市,0.363019497340123
1211,2021,北海道,網走市,0.326920834790719
1212,2021,北海道,留萌市,0.378410615774564
1213,2021,北海道,苫小牧市,0.294703159684504
1214,2021,北海道,稚内市,0.335951884129127
1215,2021,北海道,美唄市,0.427348336594912
1216,2021,北海道,芦別市,0.471270674923571
1217,2021,北海道,江別市,0.31097678713848
1218,2021,北海道,赤平市,0.476284997910572
1219,2021,北海道,紋別市,0.369763643351268
1220,2021,北海道,士別市,0.409639889196676
1221,2021,北海道,名寄市,0.326169921078958
1222,2021,北海道,三笠市,0.467478175335055
1223,2021,北海道,根室市,0.352187920557889
1224,2021,北海道,千歳市,0.23293069388427
1225,2021,北海道,滝川市,0.351508031769543
1226,2021,北海道,砂川市,0.39282244352684
1227,2021,北海道,歌志内市,0.52575606513792
1228,2021,北海道,深川市,0.41964419944876
1229,2021,北海道,富良野市,0.34001153070049
1230,2021,北海道,登別市,0.367559109129493
1231,2021,北海道,恵庭市,0.281175490505875
1233,2021,北海道,伊達市,0.376566642564473
1234,2021,北海道,北広島市,0.32966671286031
1235,2021,北海道,石狩市,0.340312505407416
1236,2021,北海道,北斗市,0.301676963812886
1303,2021,北海道,当別町,0.360676915127245
1304,2021,北海道,新篠津村,0.386401884887243
1331,2021,北海道,松前町,0.507006559332141
1332,2021,北海道,福島町,0.494904625032663
1333,2021,北海道,知内町,0.407595549104983
1334,2021,北海道,木古内町,0.495930824008138
1337,2021,北海道,七飯町,0.345271284580742
1343,2021,北海道,鹿部町,0.400705371676614
1345,2021,北海道,森町,0.391379191627074
1346,2021,北海道,八雲町,0.357244778829939
1347,2021,北海道,長万部町,0.445165213865802
1361,2021,北海道,江差町,0.386039495337356
1362,2021,北海道,上ノ国町,0.433406113537118
1363,2021,北海道,厚沢部町,0.427245427245427
1364,2021,北海道,乙部町,0.460045662100457
1367,2021,北海道,奥尻町,0.410441767068273
1370,2021,北海道,今金町,0.413977430211839
1371,2021,北海道,せたな町,0.467808310102217
1391,2021,北海道,島牧村,0.427963094393187
1392,2021,北海道,寿都町,0.408256880733945
1393,2021,北海道,黒松内町,0.380022115739034
1394,2021,北海道,蘭越町,0.393579595426561
1395,2021,北海道,ニセコ町,0.282520757930594
1396,2021,北海道,真狩村,0.362348178137652
1397,2021,北海道,留寿都村,0.281285231116122
1398,2021,北海道,喜茂別町,0.39609756097561
1399,2021,北海道,京極町,0.361101429069362
1400,2021,北海道,倶知安町,0.260909090909091
1401,2021,北海道,共和町,0.33578431372549
1402,2021,北海道,岩内町,0.37683345905624
1403,2021,北海道,泊村,0.411046885035324
1404,2021,北海道,神恵内村,0.452088452088452
1405,2021,北海道,積丹町,0.480709071949948
1406,2021,北海道,古平町,0.453207150368034
1407,2021,北海道,仁木町,0.413858267716535
1408,2021,北海道,余市町,0.404284688863122
1409,2021,北海道,赤井川村,0.341440598690365
1423,2021,北海道,南幌町,0.346908402110675
1424,2021,北海道,奈井江町,0.417979254706108
1425,2021,北海道,上砂川町,0.509162773984908
1427,2021,北海道,由仁町,0.423476665987365
1428,2021,北海道,長沼町,0.377888103876265
1429,2021,北海道,栗山町,0.403153745072273
1430,2021,北海道,月形町,0.415989600259993
1431,2021,北海道,浦臼町,0.450057405281286
1432,2021,北海道,新十津川町,0.389604415823367
1433,2021,北海道,妹背牛町,0.481667864845435
1434,2021,北海道,秩父別町,0.422946655376799
1436,2021,北海道,雨竜町,0.421333333333333
1437,2021,北海道,北竜町,0.436322101656196
1438,2021,北海道,沼田町,0.432805658470866
1452,2021,北海道,鷹栖町,0.346187943262411
1453,2021,北海道,東神楽町,0.274335408637217
1454,2021,北海道,当麻町,0.412541254125413
1455,2021,北海道,比布町,0.419595903681151
1456,2021,北海道,愛別町,0.466641394996209
1457,2021,北海道,上川町,0.463233105090801
1458,2021,北海道,東川町,0.33734790166377
1459,2021,北海道,美瑛町,0.38746644641751
1460,2021,北海道,上富良野町,0.325637095228971
1461,2021,北海道,中富良野町,0.361786085150571
1462,2021,北海道,南富良野町,0.323902027027027
1463,2021,北海道,占冠村,0.292124542124542
1464,2021,北海道,和寒町,0.448673946957878
1465,2021,北海道,剣淵町,0.408502158751245
1468,2021,北海道,下川町,0.400822524517558
1469,2021,北海道,美深町,0.419189453125
1470,2021,北海道,音威子府村,0.312320916905444
1471,2021,北海道,中川町,0.398743016759777
1472,2021,北海道,幌加内町,0.408236994219653
1481,2021,北海道,増毛町,0.452221394887069
1482,2021,北海道,小平町,0.413628620102215
1483,2021,北海道,苫前町,0.414329165258533
1484,2021,北海道,羽幌町,0.434585785423268
1485,2021,北海道,初山別村,0.389784946236559
1486,2021,北海道,遠別町,0.420798065296252
1487,2021,北海道,天塩町,0.376322074377346
1511,2021,北海道,猿払村,0.251171875
1512,2021,北海道,浜頓別町,0.369750367107195
1513,2021,北海道,中頓別町,0.394673123486683
1514,2021,北海道,枝幸町,0.35815280840576
1516,2021,北海道,豊富町,0.355367530407192
1517,2021,北海道,礼文町,0.374947807933194
1518,2021,北海道,利尻町,0.409067753438614
1519,2021,北海道,利尻富士町,0.385521885521885
1520,2021,北海道,幌延町,0.30004458314757
1543,2021,北海道,美幌町,0.360602684492546
1544,2021,北海道,津別町,0.451252236135957
1545,2021,北海道,斜里町,0.345004500450045
1546,2021,北海道,清里町,0.376267748478702
1547,2021,北海道,小清水町,0.376263169210922
1549,2021,北海道,訓子府町,0.390657729367407
1550,2021,北海道,置戸町,0.443437273386512
1552,2021,北海道,佐呂間町,0.406918238993711
1555,2021,北海道,遠軽町,0.375856697819315
1559,2021,北海道,湧別町,0.395888434719885
1560,2021,北海道,滝上町,0.447980416156671
1561,2021,北海道,興部町,0.334972677595628
1562,2021,北海道,西興部村,0.361784675072745
1563,2021,北海道,雄武町,0.354596167838952
1564,2021,北海道,大空町,0.364722822174226
1571,2021,北海道,豊浦町,0.383928571428571
1575,2021,北海道,壮瞥町,0.407993338884263
1578,2021,北海道,白老町,0.462434911976196
1581,2021,北海道,厚真町,0.378199268738574
1584,2021,北海道,洞爺湖町,0.424621618400667
1585,2021,北海道,安平町,0.373814295257181
1586,2021,北海道,むかわ町,0.414948115066334
1601,2021,北海道,日高町,0.362610229276896
1602,2021,北海道,平取町,0.362377503195569
1604,2021,北海道,新冠町,0.337543053960964
1607,2021,北海道,浦河町,0.341311223181468
1608,2021,北海道,様似町,0.426409567976568
1609,2021,北海道,えりも町,0.334745762711864
1610,2021,北海道,新ひだか町,0.347667940512915
1631,2021,北海道,音更町,0.289667896678967
1632,2021,北海道,士幌町,0.337268128161889
1633,2021,北海道,上士幌町,0.352904564315353
1634,2021,北海道,鹿追町,0.309150706132714
1635,2021,北海道,新得町,0.380796414411308
1636,2021,北海道,清水町,0.377160358783636
1637,2021,北海道,芽室町,0.30095811661648
1638,2021,北海道,中札内村,0.295891835673427
1639,2021,北海道,更別村,0.31021317212854
1641,2021,北海道,大樹町,0.364062207232528
1642,2021,北海道,広尾町,0.395406197009403
1643,2021,北海道,幕別町,0.330026605853288
1644,2021,北海道,池田町,0.433421585422831
1645,2021,北海道,豊頃町,0.400131406044678
1646,2021,北海道,本別町,0.418552375243519
1647,2021,北海道,足寄町,0.400511355090991
1648,2021,北海道,陸別町,0.398152221733392
1649,2021,北海道,浦幌町,0.424101198402131
1661,2021,北海道,釧路町,0.293913673532761
1662,2021,北海道,厚岸町,0.365453728661276
1663,2021,北海道,浜中町,0.320625786729006
1664,2021,北海道,標茶町,0.347956812901462
1665,2021,北海道,弟子屈町,0.407709090909091
1667,2021,北海道,鶴居村,0.333199356913183
1668,2021,北海道,白糠町,0.424283214429937
1691,2021,北海道,別海町,0.288686966775335
1692,2021,北海道,中標津町,0.265191216596648
1693,2021,北海道,標津町,0.314432989690722
1694,2021,北海道,羅臼町,0.314998942246668
2201,2021,青森県,青森市,0.314783436321554
2202,2021,青森県,弘前市,0.3249326274117
2203,2021,青森県,八戸市,0.310417288094846
2204,2021,青森県,黒石市,0.337705221577583
2205,2021,青森県,五所川原市,0.351646075033901
2206,2021,青森県,十和田市,0.338710483776893
2207,2021,青森県,三沢市,0.266832079811843
2208,2021,青森県,むつ市,0.335986947089093
2209,2021,青森県,つがる市,0.382492894325041
2210,2021,青森県,平川市,0.343470599752007
2301,2021,青森県,平内町,0.410699122558732
2303,2021,青森県,今別町,0.546987951807229
2304,2021,青森県,蓬田村,0.408566108007449
2307,2021,青森県,外ヶ浜町,0.49938434476693
2321,2021,青森県,鰺ヶ沢町,0.438089185467641
2323,2021,青森県,深浦町,0.493561679114087
2343,2021,青森県,西目屋村,0.40241145440844
2361,2021,青森県,藤崎町,0.325444587193184
2362,2021,青森県,大鰐町,0.43436104150779
2367,2021,青森県,田舎館村,0.35449460127488
2381,2021,青森県,板柳町,0.374308030636233
2384,2021,青森県,鶴田町,0.368311438641461
2387,2021,青森県,中泊町,0.436117467581999
2401,2021,青森県,野辺地町,0.386840657181039
2402,2021,青森県,七戸町,0.410098195329087
2405,2021,青森県,六戸町,0.3357892797937
2406,2021,青森県,横浜町,0.399441990234829
2408,2021,青森県,東北町,0.375117591721543
2411,2021,青森県,六ヶ所村,0.275948103792415
2412,2021,青森県,おいらせ町,0.273664442402206
2423,2021,青森県,大間町,0.343572686362747
2424,2021,青森県,東通村,0.363503174344783
2425,2021,青森県,風間浦村,0.454292084726867
2426,2021,青森県,佐井村,0.461538461538462
2441,2021,青森県,三戸町,0.416242600477724
2442,2021,青森県,五戸町,0.401397001264527
2443,2021,青森県,田子町,0.427595369140254
2445,2021,青森県,南部町,0.389592605272167
2446,2021,青森県,階上町,0.3282901239261
2450,2021,青森県,新郷村,0.482568027210884
3201,2021,岩手県,盛岡市,0.279953016251468
3202,2021,岩手県,宮古市,0.380398769963297
3203,2021,岩手県,大船渡市,0.380581351887525
3205,2021,岩手県,花巻市,0.343700770639077
3206,2021,岩手県,北上市,0.278484881563148
3207,2021,岩手県,久慈市,0.335869050438077
3208,2021,岩手県,遠野市,0.403228303785709
3209,2021,岩手県,一関市,0.37092711825325
3210,2021,岩手県,陸前高田市,0.39879726947665
3211,2021,岩手県,釜石市,0.400776869341854
3213,2021,岩手県,二戸市,0.376942355889724
3214,2021,岩手県,八幡平市,0.408810644166802
3215,2021,岩手県,奥州市,0.351060004034769
3216,2021,岩手県,滝沢市,0.255266866620894
3301,2021,岩手県,雫石町,0.380353585657371
3302,2021,岩手県,葛巻町,0.476149769191315
3303,2021,岩手県,岩手町,0.40060003158061
3321,2021,岩手県,紫波町,0.309974919167195
3322,2021,岩手県,矢巾町,0.267754709300174
3366,2021,岩手県,西和賀町,0.503372049456725
3381,2021,岩手県,金ケ崎町,0.307852178995908
3402,2021,岩手県,平泉町,0.3920384351407
3441,2021,岩手県,住田町,0.462634146341463
3461,2021,岩手県,大槌町,0.382205403502596
3482,2021,岩手県,山田町,0.396560917088776
3483,2021,岩手県,岩泉町,0.445556946182728
3484,2021,岩手県,田野畑村,0.425726927939317
3485,2021,岩手県,普代村,0.42604943114947
3501,2021,岩手県,軽米町,0.414316952468639
3503,2021,岩手県,野田村,0.378652499396281
3506,2021,岩手県,九戸村,0.434681460272011
3507,2021,岩手県,洋野町,0.404333938748669
3524,2021,岩手県,一戸町,0.426830307679195
4101,2021,宮城県,仙台市青葉区,0.245787649356497
4102,2021,宮城県,仙台市宮城野区,0.216941611226446
4103,2021,宮城県,仙台市若林区,0.229149487572152
4104,2021,宮城県,仙台市太白区,0.252174365466827
4105,2021,宮城県,仙台市泉区,0.272916834507827
4202,2021,宮城県,石巻市,0.336852441157077
4203,2021,宮城県,塩竈市,0.340941727760562
4205,2021,宮城県,気仙沼市,0.387937269857969
4206,2021,宮城県,白石市,0.360853940796687
4207,2021,宮城県,名取市,0.23021873303967
4208,2021,宮城県,角田市,0.360250223413762
4209,2021,宮城県,多賀城市,0.2514456469068
4211,2021,宮城県,岩沼市,0.268256813272669
4212,2021,宮城県,登米市,0.353615772247909
4213,2021,宮城県,栗原市,0.404554434217982
4214,2021,宮城県,東松島市,0.295931825098914
4215,2021,宮城県,大崎市,0.305682370844511
4216,2021,宮城県,富谷市,0.211880315684622
4301,2021,宮城県,蔵王町,0.380001721022287
4302,2021,宮城県,七ヶ宿町,0.466510903426791
4321,2021,宮城県,大河原町,0.279522184300341
4322,2021,宮城県,村田町,0.358272563689743
4323,2021,宮城県,柴田町,0.302376560536798
4324,2021,宮城県,川崎町,0.380901668441605
4341,2021,宮城県,丸森町,0.427348413446434
4361,2021,宮城県,亘理町,0.315678793522997
4362,2021,宮城県,山元町,0.410849488310176
4401,2021,宮城県,松島町,0.390729449790641
4404,2021,宮城県,七ヶ浜町,0.312183156173344
4406,2021,宮城県,利府町,0.239607438592578
4421,2021,宮城県,大和町,0.233462199312715
4422,2021,宮城県,大郷町,0.381061766207249
4424,2021,宮城県,大衡村,0.298103448275862
4444,2021,宮城県,色麻町,0.348904006046863
4445,2021,宮城県,加美町,0.374826923935861
4501,2021,宮城県,涌谷町,0.370760385037793
4505,2021,宮城県,美里町,0.35495234148363
4581,2021,宮城県,女川町,0.417287630402385
4606,2021,宮城県,南三陸町,0.379211878926328
5201,2021,秋田県,秋田市,0.317941431841503
5202,2021,秋田県,能代市,0.409934732481338
5203,2021,秋田県,横手市,0.386986340712489
5204,2021,秋田県,大館市,0.391926636955776
5206,2021,秋田県,男鹿市,0.469240462825066
5207,2021,秋田県,湯沢市,0.396495931952663
5209,2021,秋田県,鹿角市,0.402453781512605
5210,2021,秋田県,由利本荘市,0.374188974060548
5211,2021,秋田県,潟上市,0.345370427870583
5212,2021,秋田県,大仙市,0.381001823338736
5213,2021,秋田県,北秋田市,0.44358673702039
5214,2021,秋田県,にかほ市,0.385839366896784
5215,2021,秋田県,仙北市,0.426424521194338
5303,2021,秋田県,小坂町,0.450506302955156
5327,2021,秋田県,上小阿仁村,0.540802213001383
5346,2021,秋田県,藤里町,0.485761047463175
5348,2021,秋田県,三種町,0.446812559467174
5349,2021,秋田県,八峰町,0.464846616762072
5361,2021,秋田県,五城目町,0.472725202140986
5363,2021,秋田県,八郎潟町,0.434012875536481
5366,2021,秋田県,井川町,0.421213443910956
5368,2021,秋田県,大潟村,0.326615483045425
5434,2021,秋田県,美郷町,0.38920829157656
5463,2021,秋田県,羽後町,0.393208661417323
5464,2021,秋田県,東成瀬村,0.414845360824742
6201,2021,山形県,山形市,0.298220270426442
6202,2021,山形県,米沢市,0.322351346859459
6203,2021,山形県,鶴岡市,0.353110117719599
6204,2021,山形県,酒田市,0.360857526935655
6205,2021,山形県,新庄市,0.3284924330617
6206,2021,山形県,寒河江市,0.319382495787491
6207,2021,山形県,上山市,0.389539236371061
6208,2021,山形県,村山市,0.393537444550752
6209,2021,山形県,長井市,0.357850727779498
6210,2021,山形県,天童市,0.301888021893886
6211,2021,山形県,東根市,0.279354784366577
6212,2021,山形県,尾花沢市,0.4099757488366
6213,2021,山形県,南陽市,0.338587331297409
6301,2021,山形県,山辺町,0.337719925618653
6302,2021,山形県,中山町,0.35532439091158
6321,2021,山形県,河北町,0.372164832697058
6322,2021,山形県,西川町,0.450844091360477
6323,2021,山形県,朝日町,0.44143450823457
6324,2021,山形県,大江町,0.394617673696468
6341,2021,山形県,大石田町,0.402437189709643
6361,2021,山形県,金山町,0.370049980776624
6362,2021,山形県,最上町,0.402415223225177
6363,2021,山形県,舟形町,0.410231281850255
6364,2021,山形県,真室川町,0.408003300330033
6365,2021,山形県,大蔵村,0.389446422790547
6366,2021,山形県,鮭川村,0.39795664091702
6367,2021,山形県,戸沢村,0.410810810810811
6381,2021,山形県,高畠町,0.337102973008791
6382,2021,山形県,川西町,0.381795801135198
6401,2021,山形県,小国町,0.410538023077992
6402,2021,山形県,白鷹町,0.385189699832394
6403,2021,山形県,飯豊町,0.378102836879433
6426,2021,山形県,三川町,0.328520839008445
6428,2021,山形県,庄内町,0.371353431062193
6461,2021,山形県,遊佐町,0.416560318294422
7201,2021,福島県,福島市,0.302935535136912
7202,2021,福島県,会津若松市,0.297178176058399
7203,2021,福島県,郡山市,0.267814355743836
7204,2021,福島県,いわき市,0.311834396397938
7205,2021,福島県,白河市,0.297964676198486
7207,2021,福島県,須賀川市,0.285004043644849
7208,2021,福島県,喜多方市,0.358725433089552
7209,2021,福島県,相馬市,0.315876046409164
7210,2021,福島県,二本松市,0.341473936938458
7211,2021,福島県,田村市,0.356900452488688
7212,2021,福島県,南相馬市,0.360504029504166
7213,2021,福島県,伊達市,0.357507400224558
7214,2021,福島県,本宮市,0.279969245169486
7301,2021,福島県,桑折町,0.374544823998613
7303,2021,福島県,国見町,0.416504743399246
7308,2021,福島県,川俣町,0.419801504722267
7322,2021,福島県,大玉村,0.27192479651496
7342,2021,福島県,鏡石町,0.279403600602744
7344,2021,福島県,天栄村,0.364087483918397
7362,2021,福島県,下郷町,0.439866986883429
7364,2021,福島県,檜枝岐村,0.36468330134357
7367,2021,福島県,只見町,0.465750120598167
7368,2021,福島県,南会津町,0.415416694692944
7402,2021,福島県,北塩原村,0.379901027788352
7405,2021,福島県,西会津町,0.46684483046601
7407,2021,福島県,磐梯町,0.364334219072926
7408,2021,福島県,猪苗代町,0.388394498786497
7421,2021,福島県,会津坂下町,0.365258891213389
7422,2021,福島県,湯川村,0.340638697557921
7423,2021,福島県,柳津町,0.449311639549437
7444,2021,福島県,三島町,0.535878867676103
7445,2021,福島県,金山町,0.610036591740721
7446,2021,福島県,昭和村,0.570486397361913
7447,2021,福島県,会津美里町,0.387325728770596
7461,2021,福島県,西郷村,0.25072521756527
7464,2021,福島県,泉崎村,0.320706260032103
7465,2021,福島県,中島村,0.301513622603431
7466,2021,福島県,矢吹町,0.306199049909096
7481,2021,福島県,棚倉町,0.319521853916104
7482,2021,福島県,矢祭町,0.388290229885057
7483,2021,福島県,塙町,0.377642422070942
7484,2021,福島県,鮫川村,0.393693412425851
7501,2021,福島県,石川町,0.375367370651357
7502,2021,福島県,玉川村,0.321174652241113
7503,2021,福島県,平田村,0.337374437131971
7504,2021,福島県,浅川町,0.338112113402062
7505,2021,福島県,古殿町,0.390140845070422
7521,2021,福島県,三春町,0.341709442521189
7522,2021,福島県,小野町,0.354781704781705
7541,2021,福島県,広野町,0.327233584499462
7542,2021,福島県,楢葉町,0.34618820726623
7543,2021,福島県,富岡町,0.318248293792655
7544,2021,福島県,川内村,0.435535858178888
7545,2021,福島県,大熊町,0.269979458084711
7546,2021,福島県,双葉町,0.362847222222222
7547,2021,福島県,浪江町,0.366850762396446
7548,2021,福島県,葛尾村,0.38958180484226
7561,2021,福島県,新地町,0.331413210445468
7564,2021,福島県,飯舘村,0.392266256252405
8201,2021,茨城県,水戸市,0.268143889189643
8202,2021,茨城県,日立市,0.327954481320871
8203,2021,茨城県,土浦市,0.298040990307135
8204,2021,茨城県,古河市,0.290736324878965
8205,2021,茨城県,石岡市,0.331081733088874
8207,2021,茨城県,結城市,0.311896908483743
8208,2021,茨城県,龍ケ崎市,0.299438669997046
8210,2021,茨城県,下妻市,0.297204847537138
8211,2021,茨城県,常総市,0.320301542776999
8212,2021,茨城県,常陸太田市,0.38034947578632
8214,2021,茨城県,高萩市,0.359264753772117
8215,2021,茨城県,北茨城市,0.342725227891559
8216,2021,茨城県,笠間市,0.320380233263669
8217,2021,茨城県,取手市,0.348345229133115
8219,2021,茨城県,牛久市,0.294720950851885
8220,2021,茨城県,つくば市,0.200711581286963
8221,2021,茨城県,ひたちなか市,0.261930519725766
8222,2021,茨城県,鹿嶋市,0.315445538591261
8223,2021,茨城県,潮来市,0.334006462035541
8224,2021,茨城県,守谷市,0.233017389138747
8225,2021,茨城県,常陸大宮市,0.37008069522036
8226,2021,茨城県,那珂市,0.317185335672731
8227,2021,茨城県,筑西市,0.320347053432681
8228,2021,茨城県,坂東市,0.312361769352291
8229,2021,茨城県,稲敷市,0.369164937759336
8230,2021,茨城県,かすみがうら市,0.321662033210609
8231,2021,茨城県,桜川市,0.337980829080045
8232,2021,茨城県,神栖市,0.238125981879613
8233,2021,茨城県,行方市,0.364665218854189
8234,2021,茨城県,鉾田市,0.357465664337206
8235,2021,茨城県,つくばみらい市,0.267728014928855
8236,2021,茨城県,小美玉市,0.302068965517241
8302,2021,茨城県,茨城町,0.343445943790474
8309,2021,茨城県,大洗町,0.34802606362591
8310,2021,茨城県,城里町,0.371437669160962
8341,2021,茨城県,東海村,0.252673621147227
8364,2021,茨城県,大子町,0.456069793342408
8442,2021,茨城県,美浦村,0.313931166872343
8443,2021,茨城県,阿見町,0.285192499628379
8447,2021,茨城県,河内町,0.394155381325731
8521,2021,茨城県,八千代町,0.318710876369327
8542,2021,茨城県,五霞町,0.351387865389339
8546,2021,茨城県,境町,0.298278034439311
8564,2021,茨城県,利根町,0.45272539395505
9201,2021,栃木県,宇都宮市,0.257783327178188
9202,2021,栃木県,足利市,0.335114904234657
9203,2021,栃木県,栃木市,0.322804079274507
9204,2021,栃木県,佐野市,0.313948713468175
9205,2021,栃木県,鹿沼市,0.305353811125049
9206,2021,栃木県,日光市,0.358988295371236
9208,2021,栃木県,小山市,0.260397875013996
9209,2021,栃木県,真岡市,0.281145353704479
9210,2021,栃木県,大田原市,0.302934179222839
9211,2021,栃木県,矢板市,0.329585987261146
9213,2021,栃木県,那須塩原市,0.280974972796518
9214,2021,栃木県,さくら市,0.267285202999977
9215,2021,栃木県,那須烏山市,0.370939698095313
9216,2021,栃木県,下野市,0.25687965239651
9301,2021,栃木県,上三川町,0.239771954261281
9342,2021,栃木県,益子町,0.318263285240613
9343,2021,栃木県,茂木町,0.421078154045098
9344,2021,栃木県,市貝町,0.299878345498783
9345,2021,栃木県,芳賀町,0.322708130871396
9361,2021,栃木県,壬生町,0.301048479186131
9364,2021,栃木県,野木町,0.32675237829877
9384,2021,栃木県,塩谷町,0.396742671009772
9386,2021,栃木県,高根沢町,0.256739055498104
9407,2021,栃木県,那須町,0.406832425347151
9411,2021,栃木県,那珂川町,0.397129802432589
10201,2021,群馬県,前橋市,0.300203254513715
10202,2021,群馬県,高崎市,0.285495474588071
10203,2021,群馬県,桐生市,0.365606556144506
10204,2021,群馬県,伊勢崎市,0.265879209941766
10205,2021,群馬県,太田市,0.272673295320673
10206,2021,群馬県,沼田市,0.345481809883948
10207,2021,群馬県,館林市,0.303407871936628
10208,2021,群馬県,渋川市,0.353374134965399
10209,2021,群馬県,藤岡市,0.323431719795356
10210,2021,群馬県,富岡市,0.340332458442695
10211,2021,群馬県,安中市,0.357885537978634
10212,2021,群馬県,みどり市,0.300479844506084
10344,2021,群馬県,榛東村,0.264838597709129
10345,2021,群馬県,吉岡町,0.226740689336109
10366,2021,群馬県,上野村,0.467857142857143
10367,2021,群馬県,神流町,0.615295480880649
10382,2021,群馬県,下仁田町,0.500932701965849
10383,2021,群馬県,南牧村,0.649122807017544
10384,2021,群馬県,甘楽町,0.347877173742754
10421,2021,群馬県,中之条町,0.399437504087906
10424,2021,群馬県,長野原町,0.3871996996997
10425,2021,群馬県,嬬恋村,0.378319783197832
10426,2021,群馬県,草津町,0.411506664417074
10428,2021,群馬県,高山村,0.377331002331002
10429,2021,群馬県,東吾妻町,0.421846153846154
10443,2021,群馬県,片品村,0.403176108082484
10444,2021,群馬県,川場村,0.362870514820593
10448,2021,群馬県,昭和村,0.341903073286052
10449,2021,群馬県,みなかみ町,0.408338885187653
10464,2021,群馬県,玉村町,0.263311679101302
10521,2021,群馬県,板倉町,0.35039539899353
10522,2021,群馬県,明和町,0.317163488242918
10523,2021,群馬県,千代田町,0.316218721037998
10524,2021,群馬県,大泉町,0.272225175733948
10525,2021,群馬県,邑楽町,0.328029616793352
11101,2021,埼玉県,さいたま市西区,0.267345612134345
11102,2021,埼玉県,さいたま市北区,0.217601408767942
11103,2021,埼玉県,さいたま市大宮区,0.230482248775037
11104,2021,埼玉県,さいたま市見沼区,0.268775613001922
11105,2021,埼玉県,さいたま市中央区,0.214597014925373
11106,2021,埼玉県,さいたま市桜区,0.246317960617487
11107,2021,埼玉県,さいたま市浦和区,0.208887961098286
11108,2021,埼玉県,さいたま市南区,0.198494438410546
11109,2021,埼玉県,さいたま市緑区,0.22137859163317
11110,2021,埼玉県,さいたま市岩槻区,0.308223205159516
11201,2021,埼玉県,川越市,0.274922181699923
11202,2021,埼玉県,熊谷市,0.29937009844819
11203,2021,埼玉県,川口市,0.243123139606071
11206,2021,埼玉県,行田市,0.322278987399829
11207,2021,埼玉県,秩父市,0.340980032700788
11208,2021,埼玉県,所沢市,0.276014070214988
11209,2021,埼玉県,飯能市,0.319533901017991
11210,2021,埼玉県,加須市,0.303817430394432
11211,2021,埼玉県,本庄市,0.295999362871327
11212,2021,埼玉県,東松山市,0.298964959077126
11214,2021,埼玉県,春日部市,0.313836104513064
11215,2021,埼玉県,狭山市,0.321663064312222
11216,2021,埼玉県,羽生市,0.307443242419625
11217,2021,埼玉県,鴻巣市,0.302615042952812
11218,2021,埼玉県,深谷市,0.298363659790125
11219,2021,埼玉県,上尾市,0.278614264248957
11221,2021,埼玉県,草加市,0.25311453228388
11222,2021,埼玉県,越谷市,0.257105186919479
11223,2021,埼玉県,蕨市,0.254741038192104
11224,2021,埼玉県,戸田市,0.173501104744785
11225,2021,埼玉県,入間市,0.298570314171907
11227,2021,埼玉県,朝霞市,0.198683689983816
11228,2021,埼玉県,志木市,0.251814875944339
11229,2021,埼玉県,和光市,0.183250434910445
11230,2021,埼玉県,新座市,0.260995064068635
11231,2021,埼玉県,桶川市,0.29756156608519
11232,2021,埼玉県,久喜市,0.312733166781645
11233,2021,埼玉県,北本市,0.322770096659733
11234,2021,埼玉県,八潮市,0.235101432250486
11235,2021,埼玉県,富士見市,0.249735237190958
11237,2021,埼玉県,三郷市,0.278214823829393
11238,2021,埼玉県,蓮田市,0.32366760859565
11239,2021,埼玉県,坂戸市,0.304419521687919
11240,2021,埼玉県,幸手市,0.35510976378914
11241,2021,埼玉県,鶴ヶ島市,0.292137129168432
11242,2021,埼玉県,日高市,0.335636450504419
11243,2021,埼玉県,吉川市,0.242242452210149
11245,2021,埼玉県,ふじみ野市,0.259863555272665
11246,2021,埼玉県,白岡市,0.280284486247904
11301,2021,埼玉県,伊奈町,0.24208963950795
11324,2021,埼玉県,三芳町,0.29050324240313
11326,2021,埼玉県,毛呂山町,0.350027619222979
11327,2021,埼玉県,越生町,0.367593171865225
11341,2021,埼玉県,滑川町,0.233843403270758
11342,2021,埼玉県,嵐山町,0.345100780612839
11343,2021,埼玉県,小川町,0.395057866750078
11346,2021,埼玉県,川島町,0.360866411027049
11347,2021,埼玉県,吉見町,0.342889598095959
11348,2021,埼玉県,鳩山町,0.45002254621975
11349,2021,埼玉県,ときがわ町,0.394228075091062
11361,2021,埼玉県,横瀬町,0.338671632526381
11362,2021,埼玉県,皆野町,0.381184447505032
11363,2021,埼玉県,長瀞町,0.385795703638755
11365,2021,埼玉県,小鹿野町,0.388979076479076
11369,2021,埼玉県,東秩父村,0.44020733061829
11381,2021,埼玉県,美里町,0.332480117012524
11383,2021,埼玉県,神川町,0.327001775924639
11385,2021,埼玉県,上里町,0.28668803779315
11408,2021,埼玉県,寄居町,0.339961652647204
11442,2021,埼玉県,宮代町,0.329000179716049
11464,2021,埼玉県,杉戸町,0.332998996990973
11465,2021,埼玉県,松伏町,0.295119462331539
12101,2021,千葉県,千葉市中央区,0.233170678971395
12102,2021,千葉県,千葉市花見川区,0.284745605275991
12103,2021,千葉県,千葉市稲毛区,0.272832212501864
12104,2021,千葉県,千葉市若葉区,0.314899867593512
12105,2021,千葉県,千葉市緑区,0.230569181655376
12106,2021,千葉県,千葉市美浜区,0.274829912907
12202,2021,千葉県,銚子市,0.392609943817256
12203,2021,千葉県,市川市,0.220107904716508
12204,2021,千葉県,船橋市,0.246188912386514
12205,2021,千葉県,館山市,0.39984129783107
12206,2021,千葉県,木更津市,0.282410289099704
12207,2021,千葉県,松戸市,0.2656844126215
12208,2021,千葉県,野田市,0.314761268537167
12210,2021,千葉県,茂原市,0.336114243630756
12211,2021,千葉県,成田市,0.245513269267486
12212,2021,千葉県,佐倉市,0.328753171673643
12213,2021,千葉県,東金市,0.310100739948293
12215,2021,千葉県,旭市,0.31614292954891
12216,2021,千葉県,習志野市,0.238579988402809
12217,2021,千葉県,柏市,0.264725758346407
12218,2021,千葉県,勝浦市,0.443583273251622
12219,2021,千葉県,市原市,0.301085315354372
12220,2021,千葉県,流山市,0.235761636429111
12221,2021,千葉県,八千代市,0.255857233906947
12222,2021,千葉県,我孫子市,0.310762134686731
12223,2021,千葉県,鴨川市,0.392100436405034
12224,2021,千葉県,鎌ケ谷市,0.288607407818029
12225,2021,千葉県,君津市,0.322007637219857
12226,2021,千葉県,富津市,0.384159432465229
12227,2021,千葉県,浦安市,0.181509242968355
12228,2021,千葉県,四街道市,0.292913827309583
12229,2021,千葉県,袖ケ浦市,0.270867813758861
12230,2021,千葉県,八街市,0.318661199291864
12231,2021,千葉県,印西市,0.234069919249553
12232,2021,千葉県,白井市,0.275575023841466
12233,2021,千葉県,富里市,0.296733577802743
12234,2021,千葉県,南房総市,0.464831804281346
12235,2021,千葉県,匝瑳市,0.354184543218351
12236,2021,千葉県,香取市,0.370747508986783
12237,2021,千葉県,山武市,0.361457080538965
12238,2021,千葉県,いすみ市,0.417120196909613
12239,2021,千葉県,大網白里市,0.329145884641652
12322,2021,千葉県,酒々井町,0.333183945822129
12329,2021,千葉県,栄町,0.395454545454545
12342,2021,千葉県,神崎町,0.35314503552244
12347,2021,千葉県,多古町,0.385397145740233
12349,2021,千葉県,東庄町,0.392398407571547
12403,2021,千葉県,九十九里町,0.408361204013378
12409,2021,千葉県,芝山町,0.362068965517241
12410,2021,千葉県,横芝光町,0.3723631916845
12421,2021,千葉県,一宮町,0.328655834564254
12422,2021,千葉県,睦沢町,0.407385867984879
12423,2021,千葉県,長生村,0.346297627606039
12424,2021,千葉県,白子町,0.405023835716905
12426,2021,千葉県,長柄町,0.412729461330123
12427,2021,千葉県,長南町,0.43665452653486
12441,2021,千葉県,大多喜町,0.424757281553398
12443,2021,千葉県,御宿町,0.514135981243966
12463,2021,千葉県,鋸南町,0.483769776322968
13101,2021,東京都,千代田区,0.172633613366792
13102,2021,東京都,中央区,0.152712394942449
13103,2021,東京都,港区,0.179416439883821
13104,2021,東京都,新宿区,0.215182626120675
13105,2021,東京都,文京区,0.198847582095902
13106,2021,東京都,台東区,0.239654980699887
13107,2021,東京都,墨田区,0.229636496261625
13108,2021,東京都,江東区,0.224581526046109
13109,2021,東京都,品川区,0.206985157557841
13110,2021,東京都,目黒区,0.201637500826835
13111,2021,東京都,大田区,0.232434641674301
13112,2021,東京都,世田谷区,0.205282072749296
13113,2021,東京都,渋谷区,0.193667047092471
13114,2021,東京都,中野区,0.21245616637681
13115,2021,東京都,杉並区,0.214421061517434
13116,2021,東京都,豊島区,0.216778739620153
13117,2021,東京都,北区,0.260901758001976
13118,2021,東京都,荒川区,0.246006728164986
13119,2021,東京都,板橋区,0.241649922001477
13120,2021,東京都,練馬区,0.222681191325762
13121,2021,東京都,足立区,0.257525144661665
13122,2021,東京都,葛飾区,0.256308233332125
13123,2021,東京都,江戸川区,0.22228018957346
13201,2021,東京都,八王子市,0.278120107674447
13202,2021,東京都,立川市,0.251012910791599
13203,2021,東京都,武蔵野市,0.226637584822047
13204,2021,東京都,三鷹市,0.220945761130151
13205,2021,東京都,青梅市,0.311672646532318
13206,2021,東京都,府中市,0.224748277065854
13207,2021,東京都,昭島市,0.268852044730453
13208,2021,東京都,調布市,0.218348230553233
13209,2021,東京都,町田市,0.274310409371135
13210,2021,東京都,小金井市,0.215447927082214
13211,2021,東京都,小平市,0.237965471614895
13212,2021,東京都,日野市,0.252357617336382
13213,2021,東京都,東村山市,0.272991600258454
13214,2021,東京都,国分寺市,0.222374190434048
13215,2021,東京都,国立市,0.240021444846535
13218,2021,東京都,福生市,0.282175158698949
13219,2021,東京都,狛江市,0.243257761662333
13220,2021,東京都,東大和市,0.2749893004898
13221,2021,東京都,清瀬市,0.285197770830502
13222,2021,東京都,東久留米市,0.290251172195011
13223,2021,東京都,武蔵村山市,0.271056378132118
13224,2021,東京都,多摩市,0.292971645027586
13225,2021,東京都,稲城市,0.217671867945513
13227,2021,東京都,羽村市,0.271965898634819
13228,2021,東京都,あきる野市,0.304320371796977
13229,2021,東京都,西東京市,0.243998666646766
13303,2021,東京都,瑞穂町,0.299905601006923
13305,2021,東京都,日の出町,0.361853291231479
13307,2021,東京都,檜原村,0.521842355175689
13308,2021,東京都,奥多摩町,0.506175339137477
13361,2021,東京都,大島町,0.385278423860993
13362,2021,東京都,利島村,0.249180327868852
13363,2021,東京都,新島村,0.406643757159221
13364,2021,東京都,神津島村,0.319318786588611
13381,2021,東京都,三宅村,0.39812845597618
13382,2021,東京都,御蔵島村,0.176470588235294
13401,2021,東京都,八丈町,0.403508771929825
13402,2021,東京都,青ヶ島村,0.2
13421,2021,東京都,小笠原村,0.163819875776398
14101,2021,神奈川県,横浜市鶴見区,0.221809341283362
14102,2021,神奈川県,横浜市神奈川区,0.225293042722826
14103,2021,神奈川県,横浜市西区,0.204534632802132
14104,2021,神奈川県,横浜市中区,0.253507219239603
14105,2021,神奈川県,横浜市南区,0.28231541241429
14106,2021,神奈川県,横浜市保土ケ谷区,0.270200096238672
14107,2021,神奈川県,横浜市磯子区,0.28235503860719
14108,2021,神奈川県,横浜市金沢区,0.304006421801192
14109,2021,神奈川県,横浜市港北区,0.202020348837209
14110,2021,神奈川県,横浜市戸塚区,0.258109740315762
14111,2021,神奈川県,横浜市港南区,0.289895674156243
14112,2021,神奈川県,横浜市旭区,0.29699637919684
14113,2021,神奈川県,横浜市緑区,0.245204271358195
14114,2021,神奈川県,横浜市瀬谷区,0.282586070177757
14115,2021,神奈川県,横浜市栄区,0.312907989461496
14116,2021,神奈川県,横浜市泉区,0.288918416157321
14117,2021,神奈川県,横浜市青葉区,0.221123742537008
14118,2021,神奈川県,横浜市都筑区,0.179321286154638
14131,2021,神奈川県,川崎市川崎区,0.23409158728337
14132,2021,神奈川県,川崎市幸区,0.220117958984903
14133,2021,神奈川県,川崎市中原区,0.15757262882454
14135,2021,神奈川県,川崎市多摩区,0.203181079026624
14136,2021,神奈川県,川崎市宮前区,0.207480414455395
14137,2021,神奈川県,川崎市麻生区,0.236663212671229
14151,2021,神奈川県,相模原市緑区,0.287860497120852
14152,2021,神奈川県,相模原市中央区,0.253748636346537
14153,2021,神奈川県,相模原市南区,0.261137007316497
14201,2021,神奈川県,横須賀市,0.322025704968348
14203,2021,神奈川県,平塚市,0.287996214395635
14204,2021,神奈川県,鎌倉市,0.306601032372748
14205,2021,神奈川県,藤沢市,0.247608658977091
14206,2021,神奈川県,小田原市,0.304683611374255
14207,2021,神奈川県,茅ヶ崎市,0.266615812802804
14208,2021,神奈川県,逗子市,0.314943968581779
14210,2021,神奈川県,三浦市,0.399121140142518
14211,2021,神奈川県,秦野市,0.310137325471578
14212,2021,神奈川県,厚木市,0.266524697930651
14213,2021,神奈川県,大和市,0.244708247775496
14214,2021,神奈川県,伊勢原市,0.272278242334809
14215,2021,神奈川県,海老名市,0.251221486166482
14216,2021,神奈川県,座間市,0.262727223229078
14217,2021,神奈川県,南足柄市,0.331080095316831
14218,2021,神奈川県,綾瀬市,0.285043603210782
14301,2021,神奈川県,葉山町,0.313362926679933
14321,2021,神奈川県,寒川町,0.278092815744486
14341,2021,神奈川県,大磯町,0.342107690888404
14342,2021,神奈川県,二宮町,0.351533283470456
14361,2021,神奈川県,中井町,0.3603270609319
14362,2021,神奈川県,大井町,0.285073931773198
14363,2021,神奈川県,松田町,0.344830774921398
14364,2021,神奈川県,山北町,0.406034831915755
14366,2021,神奈川県,開成町,0.249321893163576
14382,2021,神奈川県,箱根町,0.395717907784768
14383,2021,神奈川県,真鶴町,0.429098651525905
14384,2021,神奈川県,湯河原町,0.419766382238423
14401,2021,神奈川県,愛川町,0.323789974070873
14402,2021,神奈川県,清川村,0.369982547993019
15101,2021,新潟県,新潟市北区,0.317006652800926
15102,2021,新潟県,新潟市東区,0.292522706209453
15103,2021,新潟県,新潟市中央区,0.271981745103263
15104,2021,新潟県,新潟市江南区,0.296712967716385
15105,2021,新潟県,新潟市秋葉区,0.317808111403957
15106,2021,新潟県,新潟市南区,0.304330995536934
15107,2021,新潟県,新潟市西区,0.297142488966206
15108,2021,新潟県,新潟市西蒲区,0.339168214021741
15202,2021,新潟県,長岡市,0.314667141466297
15204,2021,新潟県,三条市,0.327678449426628
15205,2021,新潟県,柏崎市,0.342532347047327
15206,2021,新潟県,新発田市,0.322254758418741
15208,2021,新潟県,小千谷市,0.350337562565475
15209,2021,新潟県,加茂市,0.371673259341757
15210,2021,新潟県,十日町市,0.396438059628063
15211,2021,新潟県,見附市,0.327470475421419
15212,2021,新潟県,村上市,0.391956067487523
15213,2021,新潟県,燕市,0.312005935173578
15216,2021,新潟県,糸魚川市,0.403132023844425
15217,2021,新潟県,妙高市,0.368010865698671
15218,2021,新潟県,五泉市,0.361672689726381
15222,2021,新潟県,上越市,0.328173407630576
15223,2021,新潟県,阿賀野市,0.339826366090319
15224,2021,新潟県,佐渡市,0.416988490080267
15225,2021,新潟県,魚沼市,0.371712315045362
15226,2021,新潟県,南魚沼市,0.339535994415768
15227,2021,新潟県,胎内市,0.360396390019466
15307,2021,新潟県,聖籠町,0.257994814174589
15342,2021,新潟県,弥彦村,0.321424046623591
15361,2021,新潟県,田上町,0.373490790517317
15385,2021,新潟県,阿賀町,0.487944223879152
15405,2021,新潟県,出雲崎町,0.433686690223793
15461,2021,新潟県,湯沢町,0.388268156424581
15482,2021,新潟県,津南町,0.418609742747674
15504,2021,新潟県,刈羽村,0.328054298642534
15581,2021,新潟県,関川村,0.423207547169811
15586,2021,新潟県,粟島浦村,0.447368421052632
16201,2021,富山県,富山市,0.302682190217605
16202,2021,富山県,高岡市,0.340875276699205
16204,2021,富山県,魚津市,0.343952642955394
16205,2021,富山県,氷見市,0.390235304485767
16206,2021,富山県,滑川市,0.300146950771492
16207,2021,富山県,黒部市,0.317659869332805
16208,2021,富山県,砺波市,0.304351501574487
16209,2021,富山県,小矢部市,0.369755456400678
16210,2021,富山県,南砺市,0.390239888079661
16211,2021,富山県,射水市,0.310912643036561
16321,2021,富山県,舟橋村,0.187519697447211
16322,2021,富山県,上市町,0.37125748502994
16323,2021,富山県,立山町,0.336281080223659
16342,2021,富山県,入善町,0.368358663900766
16343,2021,富山県,朝日町,0.441915641476274
17201,2021,石川県,金沢市,0.271198050599081
17202,2021,石川県,七尾市,0.382504458093917
17203,2021,石川県,小松市,0.290127442973543
17204,2021,石川県,輪島市,0.457088965734046
17205,2021,石川県,珠洲市,0.505063105371294
17206,2021,石川県,加賀市,0.352080902372618
17207,2021,石川県,羽咋市,0.401039411000433
17209,2021,石川県,かほく市,0.291782217442979
17210,2021,石川県,白山市,0.281849281420545
17211,2021,石川県,能美市,0.264448876369842
17212,2021,石川県,野々市市,0.199339498018494
17324,2021,石川県,川北町,0.229043876882777
17361,2021,石川県,津幡町,0.244958163484231
17365,2021,石川県,内灘町,0.274895669818906
17384,2021,石川県,志賀町,0.438808124548923
17386,2021,石川県,宝達志水町,0.389757840412862
17407,2021,石川県,中能登町,0.367366850321396
17461,2021,石川県,穴水町,0.485384615384615
17463,2021,石川県,能登町,0.484692942254812
18201,2021,福井県,福井市,0.294278056351945
18202,2021,福井県,敦賀市,0.289525506376594
18204,2021,福井県,小浜市,0.325315526343391
18205,2021,福井県,大野市,0.36948107121503
18206,2021,福井県,勝山市,0.370315581854043
18207,2021,福井県,鯖江市,0.27282578453338
18208,2021,福井県,あわら市,0.342021942419557
18209,2021,福井県,越前市,0.30693785777973
18210,2021,福井県,坂井市,0.287606252943683
18322,2021,福井県,永平寺町,0.315340751813099
18382,2021,福井県,池田町,0.450490998363339
18404,2021,福井県,南越前町,0.36824556242032
18423,2021,福井県,越前町,0.350820463320463
18442,2021,福井県,美浜町,0.372130969215708
18481,2021,福井県,高浜町,0.325812543484743
18483,2021,福井県,おおい町,0.32196688905362
18501,2021,福井県,若狭町,0.351464435146443
19201,2021,山梨県,甲府市,0.303093726075534
19202,2021,山梨県,富士吉田市,0.304033461546546
19204,2021,山梨県,都留市,0.303670821239542
19205,2021,山梨県,山梨市,0.340248596867562
19206,2021,山梨県,大月市,0.408542166049248
19207,2021,山梨県,韮崎市,0.312261887963878
19208,2021,山梨県,南アルプス市,0.278656098359256
19209,2021,山梨県,北杜市,0.392756688398055
19210,2021,山梨県,甲斐市,0.259423503325942
19211,2021,山梨県,笛吹市,0.303612993135758
19212,2021,山梨県,上野原市,0.373003051516783
19213,2021,山梨県,甲州市,0.361326654225191
19214,2021,山梨県,中央市,0.268150084259036
19346,2021,山梨県,市川三郷町,0.383245729303548
19364,2021,山梨県,早川町,0.467270896273917
19365,2021,山梨県,身延町,0.47767327184732
19366,2021,山梨県,南部町,0.432831774434052
19368,2021,山梨県,富士川町,0.34448114505918
19384,2021,山梨県,昭和町,0.196705669663034
19422,2021,山梨県,道志村,0.374384236453202
19423,2021,山梨県,西桂町,0.303961584633854
19424,2021,山梨県,忍野村,0.20051221854658
19425,2021,山梨県,山中湖村,0.324276010010726
19429,2021,山梨県,鳴沢村,0.333440825540148
19430,2021,山梨県,富士河口湖町,0.264230901385866
19442,2021,山梨県,小菅村,0.459110473457676
19443,2021,山梨県,丹波山村,0.458563535911602
20201,2021,長野県,長野市,0.300555162143023
20202,2021,長野県,松本市,0.284328431561088
20203,2021,長野県,上田市,0.311270537702412
20204,2021,長野県,岡谷市,0.343519560054993
20205,2021,長野県,飯田市,0.330364389106338
20206,2021,長野県,諏訪市,0.312464807824654
20207,2021,長野県,須坂市,0.324519182358272
20208,2021,長野県,小諸市,0.329974197945572
20209,2021,長野県,伊那市,0.31953378668137
20210,2021,長野県,駒ヶ根市,0.315542688107751
20211,2021,長野県,中野市,0.320039834178652
20212,2021,長野県,大町市,0.384770147667312
20213,2021,長野県,飯山市,0.377039395145245
20214,2021,長野県,茅野市,0.309330684765215
20215,2021,長野県,塩尻市,0.288700435480174
20217,2021,長野県,佐久市,0.309527232399573
20218,2021,長野県,千曲市,0.327114155097083
20219,2021,長野県,東御市,0.31693040667007
20220,2021,長野県,安曇野市,0.316047915428643
20303,2021,長野県,小海町,0.412691269126913
20304,2021,長野県,川上村,0.335863377609108
20305,2021,長野県,南牧村,0.346754599097536
20306,2021,長野県,南相木村,0.410860655737705
20307,2021,長野県,北相木村,0.382436260623229
20309,2021,長野県,佐久穂町,0.380470433886234
20321,2021,長野県,軽井沢町,0.326747272191094
20323,2021,長野県,御代田町,0.279027786731997
20324,2021,長野県,立科町,0.370921166618539
20349,2021,長野県,青木村,0.382592506399814
20350,2021,長野県,長和町,0.423795645465455
20361,2021,長野県,下諏訪町,0.382189720450184
20362,2021,長野県,富士見町,0.357962595636158
20363,2021,長野県,原村,0.341395466632899
20382,2021,長野県,辰野町,0.378167849330417
20383,2021,長野県,箕輪町,0.304468925379339
20384,2021,長野県,飯島町,0.370382622119308
20385,2021,長野県,南箕輪村,0.242005578257767
20386,2021,長野県,中川村,0.354600968624974
20388,2021,長野県,宮田村,0.29521613832853
20402,2021,長野県,松川町,0.337825206418445
20403,2021,長野県,高森町,0.320068664169788
20404,2021,長野県,阿南町,0.447555657562543
20407,2021,長野県,阿智村,0.359369872005251
20409,2021,長野県,平谷村,0.352941176470588
20410,2021,長野県,根羽村,0.523310023310023
20411,2021,長野県,下條村,0.347397260273973
20412,2021,長野県,売木村,0.459882583170254
20413,2021,長野県,天龍村,0.619007569386039
20414,2021,長野県,泰阜村,0.419871794871795
20415,2021,長野県,喬木村,0.352627324171382
20416,2021,長野県,豊丘村,0.332067446452985
20417,2021,長野県,大鹿村,0.478756476683938
20422,2021,長野県,上松町,0.431963904060793
20423,2021,長野県,南木曽町,0.431903686982694
20425,2021,長野県,木祖村,0.424518006547836
20429,2021,長野県,王滝村,0.439093484419263
20430,2021,長野県,大桑村,0.438521066208083
20432,2021,長野県,木曽町,0.428190476190476
20446,2021,長野県,麻績村,0.440287226001512
20448,2021,長野県,生坂村,0.423906705539359
20450,2021,長野県,山形村,0.286353467561521
20451,2021,長野県,朝日村,0.320937570430471
20452,2021,長野県,筑北村,0.457828518173346
20481,2021,長野県,池田町,0.397364843668305
20482,2021,長野県,松川村,0.33399560807278
20485,2021,長野県,白馬村,0.330627574509329
20486,2021,長野県,小谷村,0.389735961323912
20521,2021,長野県,坂城町,0.364793586046839
20541,2021,長野県,小布施町,0.341963715926703
20543,2021,長野県,高山村,0.353994082840237
20561,2021,長野県,山ノ内町,0.416247977518522
20562,2021,長野県,木島平村,0.392692053709003
20563,2021,長野県,野沢温泉村,0.370521409845616
20583,2021,長野県,信濃町,0.432121893343325
20588,2021,長野県,小川村,0.466105263157895
20590,2021,長野県,飯綱町,0.392797630068506
20602,2021,長野県,栄村,0.530434782608696
21201,2021,岐阜県,岐阜市,0.293394476038194
21202,2021,岐阜県,大垣市,0.282785828477129
21203,2021,岐阜県,高山市,0.329869645748634
21204,2021,岐阜県,多治見市,0.310152601306946
21205,2021,岐阜県,関市,0.307877103524618
21206,2021,岐阜県,中津川市,0.334114562643998
21207,2021,岐阜県,美濃市,0.368927589367553
21208,2021,岐阜県,瑞浪市,0.32102684040539
21209,2021,岐阜県,羽島市,0.280244189912055
21210,2021,岐阜県,恵那市,0.354350488923952
21211,2021,岐阜県,美濃加茂市,0.250067258541835
21212,2021,岐阜県,土岐市,0.328042614662333
21213,2021,岐阜県,各務原市,0.288913641268405
21214,2021,岐阜県,可児市,0.299767382303982
21215,2021,岐阜県,山県市,0.361035739204589
21216,2021,岐阜県,瑞穂市,0.222616843616579
21217,2021,岐阜県,飛騨市,0.394401270877163
21218,2021,岐阜県,本巣市,0.309157420564138
21219,2021,岐阜県,郡上市,0.368629020157055
21220,2021,岐阜県,下呂市,0.40379438949246
21221,2021,岐阜県,海津市,0.345995423340961
21302,2021,岐阜県,岐南町,0.228023274099701
21303,2021,岐阜県,笠松町,0.279500529880662
21341,2021,岐阜県,養老町,0.34223504913601
21361,2021,岐阜県,垂井町,0.313723228361595
21362,2021,岐阜県,関ケ原町,0.407069042983376
21381,2021,岐阜県,神戸町,0.328935986159169
21382,2021,岐阜県,輪之内町,0.275131118881119
21383,2021,岐阜県,安八町,0.289761706844001
21401,2021,岐阜県,揖斐川町,0.388561525129983
21403,2021,岐阜県,大野町,0.29545352743561
21404,2021,岐阜県,池田町,0.291445940078159
21421,2021,岐阜県,北方町,0.251767718946607
21501,2021,岐阜県,坂祝町,0.291207349081365
21502,2021,岐阜県,富加町,0.312903225806452
21503,2021,岐阜県,川辺町,0.326598646327912
21504,2021,岐阜県,七宗町,0.46319018404908
21505,2021,岐阜県,八百津町,0.399029772662418
21506,2021,岐阜県,白川町,0.454675324675325
21507,2021,岐阜県,東白川村,0.435386753126447
21521,2021,岐阜県,御嵩町,0.326209930861094
21604,2021,岐阜県,白川村,0.328155339805825
22101,2021,静岡県,静岡市葵区,0.312650873861405
22102,2021,静岡県,静岡市駿河区,0.277898841049895
22103,2021,静岡県,静岡市清水区,0.330486967555776
22131,2021,静岡県,浜松市中区,0.275423132411415
22132,2021,静岡県,浜松市東区,0.264162677919133
22133,2021,静岡県,浜松市西区,0.289212784152312
22134,2021,静岡県,浜松市南区,0.284505860933249
22135,2021,静岡県,浜松市北区,0.306660676914986
22136,2021,静岡県,浜松市浜北区,0.27076137866008
22137,2021,静岡県,浜松市天竜区,0.460049591058806
22203,2021,静岡県,沼津市,0.322450189502213
22205,2021,静岡県,熱海市,0.488184747583244
22206,2021,静岡県,三島市,0.298368298368298
22207,2021,静岡県,富士宮市,0.298805708387978
22208,2021,静岡県,伊東市,0.428865456606362
22209,2021,静岡県,島田市,0.31729840343205
22210,2021,静岡県,富士市,0.284387432004547
22211,2021,静岡県,磐田市,0.298096830953077
22212,2021,静岡県,焼津市,0.304771555449587
22213,2021,静岡県,掛川市,0.285442435775452
22214,2021,静岡県,藤枝市,0.303636670226519
22215,2021,静岡県,御殿場市,0.257219232527874
22216,2021,静岡県,袋井市,0.255586659010432
22219,2021,静岡県,下田市,0.42155439411537
22220,2021,静岡県,裾野市,0.274127208059292
22221,2021,静岡県,湖西市,0.295078134834289
22222,2021,静岡県,伊豆市,0.413262365664305
22223,2021,静岡県,御前崎市,0.314695808187898
22224,2021,静岡県,菊川市,0.291657342344358
22225,2021,静岡県,伊豆の国市,0.336822998015957
22226,2021,静岡県,牧之原市,0.329218493311429
22301,2021,静岡県,東伊豆町,0.466385469570457
22302,2021,静岡県,河津町,0.424146831086894
22304,2021,静岡県,南伊豆町,0.471598746081505
22305,2021,静岡県,松崎町,0.483104877271278
22306,2021,静岡県,西伊豆町,0.511957843534657
22325,2021,静岡県,函南町,0.319666397632499
22341,2021,静岡県,清水町,0.268617021276596
22342,2021,静岡県,長泉町,0.222891845533355
22344,2021,静岡県,小山町,0.309761291045612
22424,2021,静岡県,吉田町,0.269896817952233
22429,2021,静岡県,川根本町,0.499294560275905
22461,2021,静岡県,森町,0.352051835853132
23101,2021,愛知県,名古屋市千種区,0.25749727993537
23102,2021,愛知県,名古屋市東区,0.232902652359299
23103,2021,愛知県,名古屋市北区,0.293960754429415
23104,2021,愛知県,名古屋市西区,0.249698913287027
23105,2021,愛知県,名古屋市中村区,0.276180242472377
23106,2021,愛知県,名古屋市中区,0.209783264608267
23107,2021,愛知県,名古屋市昭和区,0.249572717123917
23108,2021,愛知県,名古屋市瑞穂区,0.267716535433071
23109,2021,愛知県,名古屋市熱田区,0.271787132644956
23110,2021,愛知県,名古屋市中川区,0.253410129995004
23111,2021,愛知県,名古屋市港区,0.287234984287169
23112,2021,愛知県,名古屋市南区,0.307416776908735
23113,2021,愛知県,名古屋市守山区,0.248139751191722
23114,2021,愛知県,名古屋市緑区,0.230628436956113
23115,2021,愛知県,名古屋市名東区,0.226049692503144
23116,2021,愛知県,名古屋市天白区,0.232773044351206
23201,2021,愛知県,豊橋市,0.267633283787195
23202,2021,愛知県,岡崎市,0.241636144571876
23203,2021,愛知県,一宮市,0.273244610780824
23204,2021,愛知県,瀬戸市,0.303894938422955
23205,2021,愛知県,半田市,0.251740965215428
23206,2021,愛知県,春日井市,0.26232460567199
23207,2021,愛知県,豊川市,0.267919349730814
23208,2021,愛知県,津島市,0.300927006569075
23209,2021,愛知県,碧南市,0.255446954303428
23210,2021,愛知県,刈谷市,0.209252205972051
23211,2021,愛知県,豊田市,0.245681419910082
23212,2021,愛知県,安城市,0.219851429511252
23213,2021,愛知県,西尾市,0.26871712358438
23214,2021,愛知県,蒲郡市,0.307543317803486
23215,2021,愛知県,犬山市,0.299667286979079
23216,2021,愛知県,常滑市,0.262993275295835
23217,2021,愛知県,江南市,0.281442123692032
23219,2021,愛知県,小牧市,0.262835464381059
23220,2021,愛知県,稲沢市,0.281036793831047
23221,2021,愛知県,新城市,0.367180786105206
23222,2021,愛知県,東海市,0.226263559555433
23223,2021,愛知県,大府市,0.221498153996708
23224,2021,愛知県,知多市,0.283309080850961
23225,2021,愛知県,知立市,0.213843405775528
23226,2021,愛知県,尾張旭市,0.26120090140299
23227,2021,愛知県,高浜市,0.205639721331417
23228,2021,愛知県,岩倉市,0.265864621893178
23229,2021,愛知県,豊明市,0.272131147540984
23230,2021,愛知県,日進市,0.203391511305038
23231,2021,愛知県,田原市,0.290975593311758
23232,2021,愛知県,愛西市,0.317118316582507
23233,2021,愛知県,清須市,0.237344533341221
23234,2021,愛知県,北名古屋市,0.244294919719463
23235,2021,愛知県,弥富市,0.27030225567469
23236,2021,愛知県,みよし市,0.187855691056911
23237,2021,愛知県,あま市,0.266480279119203
23238,2021,愛知県,長久手市,0.167978203110457
23302,2021,愛知県,東郷町,0.231000187652468
23342,2021,愛知県,豊山町,0.229238697892883
23361,2021,愛知県,大口町,0.235311522529377
23362,2021,愛知県,扶桑町,0.266187678166269
23424,2021,愛知県,大治町,0.212837313293792
23425,2021,愛知県,蟹江町,0.263608716274658
23427,2021,愛知県,飛島村,0.312854228066198
23441,2021,愛知県,阿久比町,0.262967302162105
23442,2021,愛知県,東浦町,0.261465353024313
23445,2021,愛知県,南知多町,0.394711596114642
23446,2021,愛知県,美浜町,0.318514007308161
23447,2021,愛知県,武豊町,0.256825958702065
23501,2021,愛知県,幸田町,0.220472631987578
23561,2021,愛知県,設楽町,0.505120941381565
23562,2021,愛知県,東栄町,0.497858319604613
23563,2021,愛知県,豊根村,0.508670520231214
24201,2021,三重県,津市,0.303924724341076
24202,2021,三重県,四日市市,0.265374933911476
24203,2021,三重県,伊勢市,0.320959511969563
24204,2021,三重県,松阪市,0.305579197418732
24205,2021,三重県,桑名市,0.2728856741244
24207,2021,三重県,鈴鹿市,0.261544604811719
24208,2021,三重県,名張市,0.338063319091111
24209,2021,三重県,尾鷲市,0.445673274898523
24210,2021,三重県,亀山市,0.278254649499285
24211,2021,三重県,鳥羽市,0.394135524538496
24212,2021,三重県,熊野市,0.43971021611002
24214,2021,三重県,いなべ市,0.28546332894159
24215,2021,三重県,志摩市,0.402753729008032
24216,2021,三重県,伊賀市,0.34955825773049
24303,2021,三重県,木曽岬町,0.351499118165785
24324,2021,三重県,東員町,0.307028652841539
24341,2021,三重県,菰野町,0.263967511690869
24343,2021,三重県,朝日町,0.188366931755132
24344,2021,三重県,川越町,0.197426948607404
24441,2021,三重県,多気町,0.337912087912088
24442,2021,三重県,明和町,0.30043293829536
24443,2021,三重県,大台町,0.430845658800948
24461,2021,三重県,玉城町,0.27689374013677
24470,2021,三重県,度会町,0.352164066431807
24471,2021,三重県,大紀町,0.486045352604037
24472,2021,三重県,南伊勢町,0.520931405514459
24543,2021,三重県,紀北町,0.449862683367942
24561,2021,三重県,御浜町,0.395640130073467
24562,2021,三重県,紀宝町,0.368004522328999
25201,2021,滋賀県,大津市,0.269098648016178
25202,2021,滋賀県,彦根市,0.258285630947606
25203,2021,滋賀県,長浜市,0.291940556969183
25204,2021,滋賀県,近江八幡市,0.280269363603728
25206,2021,滋賀県,草津市,0.226687437443087
25207,2021,滋賀県,守山市,0.221168259602585
25208,2021,滋賀県,栗東市,0.19191538137868
25209,2021,滋賀県,甲賀市,0.289089814536109
25210,2021,滋賀県,野洲市,0.26577221228384
25211,2021,滋賀県,湖南市,0.257184297041191
25212,2021,滋賀県,高島市,0.353909290012545
25213,2021,滋賀県,東近江市,0.273459007128402
25214,2021,滋賀県,米原市,0.297594266290743
25383,2021,滋賀県,日野町,0.312175726131019
25384,2021,滋賀県,竜王町,0.285897545540067
25425,2021,滋賀県,愛荘町,0.232966495475666
25441,2021,滋賀県,豊郷町,0.275035063113604
25442,2021,滋賀県,甲良町,0.336959761549925
25443,2021,滋賀県,多賀町,0.334792993630573
26101,2021,京都府,京都市北区,0.306751233262861
26102,2021,京都府,京都市上京区,0.300896922864634
26103,2021,京都府,京都市左京区,0.300719917723689
26104,2021,京都府,京都市中京区,0.257257608547308
26105,2021,京都府,京都市東山区,0.349318602604182
26106,2021,京都府,京都市下京区,0.245433141186977
26107,2021,京都府,京都市南区,0.258603030463017
26108,2021,京都府,京都市右京区,0.287753859189239
26109,2021,京都府,京都市伏見区,0.287688427918618
26110,2021,京都府,京都市山科区,0.304730232012207
26111,2021,京都府,京都市西京区,0.275389540503301
26201,2021,京都府,福知山市,0.302325275534629
26202,2021,京都府,舞鶴市,0.318556365366794
26203,2021,京都府,綾部市,0.38130141646564
26204,2021,京都府,宇治市,0.29654804818006
26205,2021,京都府,宮津市,0.423862581244197
26206,2021,京都府,亀岡市,0.303875361550606
26207,2021,京都府,城陽市,0.338291599407676
26208,2021,京都府,向日市,0.268669331408146
26209,2021,京都府,長岡京市,0.270424745040905
26210,2021,京都府,八幡市,0.319677029134421
26211,2021,京都府,京田辺市,0.249712263336594
26212,2021,京都府,京丹後市,0.366477379564514
26213,2021,京都府,南丹市,0.359288460285398
26214,2021,京都府,木津川市,0.246807587799309
26303,2021,京都府,大山崎町,0.273948958204907
26322,2021,京都府,久御山町,0.32097288676236
26343,2021,京都府,井手町,0.356900452488688
26344,2021,京都府,宇治田原町,0.317518248175182
26364,2021,京都府,笠置町,0.520514883346742
26365,2021,京都府,和束町,0.467289719626168
26366,2021,京都府,精華町,0.249789350656411
26367,2021,京都府,南山城村,0.487378640776699
26407,2021,京都府,京丹波町,0.436909104444279
26463,2021,京都府,伊根町,0.481444829292429
26465,2021,京都府,与謝野町,0.369024308706242
27102,2021,大阪府,大阪市都島区,0.247557226497484
27103,2021,大阪府,大阪市福島区,0.193804430263881
27104,2021,大阪府,大阪市此花区,0.278408913091103
27106,2021,大阪府,大阪市西区,0.160203646119139
27107,2021,大阪府,大阪市港区,0.279103398409255
27108,2021,大阪府,大阪市大正区,0.319194570715155
27109,2021,大阪府,大阪市天王寺区,0.201189983857842
27111,2021,大阪府,大阪市浪速区,0.19970112979506
27113,2021,大阪府,大阪市西淀川区,0.258556152600362
27114,2021,大阪府,大阪市東淀川区,0.252415736451921
27116,2021,大阪府,大阪市生野区,0.306419323360462
27117,2021,大阪府,大阪市旭区,0.299034821459023
27118,2021,大阪府,大阪市城東区,0.255817182039318
27119,2021,大阪府,大阪市阿倍野区,0.255352490101718
27120,2021,大阪府,大阪市住吉区,0.280885018971432
27121,2021,大阪府,大阪市東住吉区,0.287017724762329
27122,2021,大阪府,大阪市西成区,0.400533640263681
27123,2021,大阪府,大阪市淀川区,0.233199111357956
27124,2021,大阪府,大阪市鶴見区,0.224353673007083
27125,2021,大阪府,大阪市住之江区,0.31143774257119
27126,2021,大阪府,大阪市平野区,0.285313120336549
27127,2021,大阪府,大阪市北区,0.187002079981162
27128,2021,大阪府,大阪市中央区,0.163509409796104
27141,2021,大阪府,堺市堺区,0.282974874939943
27142,2021,大阪府,堺市中区,0.268861704333402
27143,2021,大阪府,堺市東区,0.303854901732081
27144,2021,大阪府,堺市西区,0.266326139512943
27145,2021,大阪府,堺市南区,0.34636603850286
27146,2021,大阪府,堺市北区,0.247232847466673
27147,2021,大阪府,堺市美原区,0.307575190982424
27202,2021,大阪府,岸和田市,0.279634298466769
27203,2021,大阪府,豊中市,0.259308751304675
27204,2021,大阪府,池田市,0.272999222616927
27205,2021,大阪府,吹田市,0.239937700254004
27206,2021,大阪府,泉大津市,0.258469517968139
27207,2021,大阪府,高槻市,0.293816479034476
27208,2021,大阪府,貝塚市,0.269496709391029
27209,2021,大阪府,守口市,0.288951519583135
27210,2021,大阪府,枚方市,0.286230215171869
27211,2021,大阪府,茨木市,0.243617340808971
27212,2021,大阪府,八尾市,0.28686435409673
27213,2021,大阪府,泉佐野市,0.265352291455537
27214,2021,大阪府,富田林市,0.307187854527343
27215,2021,大阪府,寝屋川市,0.300820483491344
27216,2021,大阪府,河内長野市,0.353110262306583
27217,2021,大阪府,松原市,0.303355210802393
27218,2021,大阪府,大東市,0.276838096545099
27219,2021,大阪府,和泉市,0.252804495957582
27220,2021,大阪府,箕面市,0.256981967080549
27221,2021,大阪府,柏原市,0.299288511554214
27222,2021,大阪府,羽曳野市,0.302990252767223
27223,2021,大阪府,門真市,0.301805799723498
27224,2021,大阪府,摂津市,0.260108608773332
27225,2021,大阪府,高石市,0.276067806127821
27226,2021,大阪府,藤井寺市,0.286007094994087
27227,2021,大阪府,東大阪市,0.285591366549231
27228,2021,大阪府,泉南市,0.291269210386857
27229,2021,大阪府,四條畷市,0.271965992848281
27230,2021,大阪府,交野市,0.282355232407167
27231,2021,大阪府,大阪狭山市,0.277868388071489
27232,2021,大阪府,阪南市,0.330650671930757
27301,2021,大阪府,島本町,0.275588811012187
27321,2021,大阪府,豊能町,0.467263629180932
27322,2021,大阪府,能勢町,0.413192997082118
27341,2021,大阪府,忠岡町,0.28570557385047
27361,2021,大阪府,熊取町,0.288982736216818
27362,2021,大阪府,田尻町,0.235280319024161
27366,2021,大阪府,岬町,0.392351462220458
27381,2021,大阪府,太子町,0.296620490181154
27382,2021,大阪府,河南町,0.324315429173249
27383,2021,大阪府,千早赤阪村,0.45296442687747
28101,2021,兵庫県,神戸市東灘区,0.251382747363497
28102,2021,兵庫県,神戸市灘区,0.259508630073083
28105,2021,兵庫県,神戸市兵庫区,0.2952221909376
28106,2021,兵庫県,神戸市長田区,0.337093371821916
28107,2021,兵庫県,神戸市須磨区,0.323235027859593
28108,2021,兵庫県,神戸市垂水区,0.29951060809939
28109,2021,兵庫県,神戸市北区,0.311640981452968
28110,2021,兵庫県,神戸市中央区,0.245563750982525
28111,2021,兵庫県,神戸市西区,0.276426432758403
28201,2021,兵庫県,姫路市,0.270698071362828
28202,2021,兵庫県,尼崎市,0.277410697452618
28203,2021,兵庫県,明石市,0.262708681620729
28204,2021,兵庫県,西宮市,0.24264118587963
28205,2021,兵庫県,洲本市,0.36365136230791
28206,2021,兵庫県,芦屋市,0.295092605397815
28207,2021,兵庫県,伊丹市,0.254979085345766
28208,2021,兵庫県,相生市,0.361832815588817
28209,2021,兵庫県,豊岡市,0.338731290453074
28210,2021,兵庫県,加古川市,0.280991386103221
28212,2021,兵庫県,赤穂市,0.329969749351772
28213,2021,兵庫県,西脇市,0.336396120469627
28214,2021,兵庫県,宝塚市,0.279786112039444
28215,2021,兵庫県,三木市,0.348577249393505
28216,2021,兵庫県,高砂市,0.292912870191602
28217,2021,兵庫県,川西市,0.315230102274856
28218,2021,兵庫県,小野市,0.291816603869438
28219,2021,兵庫県,三田市,0.258684054534677
28220,2021,兵庫県,加西市,0.345771557347883
28221,2021,兵庫県,丹波篠山市,0.353114910019273
28222,2021,兵庫県,養父市,0.386251541307028
28223,2021,兵庫県,丹波市,0.348615014050582
28224,2021,兵庫県,南あわじ市,0.35259297947814
28225,2021,兵庫県,朝来市,0.354460093896714
28226,2021,兵庫県,淡路市,0.382008799026491
28227,2021,兵庫県,宍粟市,0.35713500741799
28228,2021,兵庫県,加東市,0.277996198609628
28229,2021,兵庫県,たつの市,0.310025645135438
28301,2021,兵庫県,猪名川町,0.306053700584564
28365,2021,兵庫県,多可町,0.371101818731422
28381,2021,兵庫県,稲美町,0.318971485083237
28382,2021,兵庫県,播磨町,0.275942706810874
28442,2021,兵庫県,市川町,0.373340275969799
28443,2021,兵庫県,福崎町,0.293441915650955
28446,2021,兵庫県,神河町,0.368616443317639
28464,2021,兵庫県,太子町,0.270925305916862
28481,2021,兵庫県,上郡町,0.392867074527252
28501,2021,兵庫県,佐用町,0.416087388282026
28585,2021,兵庫県,香美町,0.400071526494606
28586,2021,兵庫県,新温泉町,0.399985536592421
29201,2021,奈良県,奈良市,0.314814392752343
29202,2021,奈良県,大和高田市,0.316751687208897
29203,2021,奈良県,大和郡山市,0.328928046989721
29204,2021,奈良県,天理市,0.269708820874962
29205,2021,奈良県,橿原市,0.288108121586914
29206,2021,奈良県,桜井市,0.316267280277563
29207,2021,奈良県,五條市,0.378973527076934
29208,2021,奈良県,御所市,0.410238769728855
29209,2021,奈良県,生駒市,0.286183175599262
29210,2021,奈良県,香芝市,0.234706600844827
29211,2021,奈良県,葛城市,0.279560628903726
29212,2021,奈良県,宇陀市,0.4182918395574
29322,2021,奈良県,山添村,0.489088191330344
29342,2021,奈良県,平群町,0.380030208220952
29343,2021,奈良県,三郷町,0.312046444121916
29344,2021,奈良県,斑鳩町,0.308095204161619
29345,2021,奈良県,安堵町,0.352374202693125
29361,2021,奈良県,川西町,0.353090294543699
29362,2021,奈良県,三宅町,0.365298172010788
29363,2021,奈良県,田原本町,0.317724691475524
29385,2021,奈良県,曽爾村,0.514556040756914
29386,2021,奈良県,御杖村,0.583279325988334
29401,2021,奈良県,高取町,0.396530736457699
29402,2021,奈良県,明日香村,0.391671252981104
29424,2021,奈良県,上牧町,0.34032294746418
29425,2021,奈良県,王寺町,0.287382690302398
29426,2021,奈良県,広陵町,0.260932064514274
29427,2021,奈良県,河合町,0.387424872861766
29441,2021,奈良県,吉野町,0.514916286149163
29442,2021,奈良県,大淀町,0.341495227367048
29443,2021,奈良県,下市町,0.468916518650089
29444,2021,奈良県,黒滝村,0.532428355957768
29446,2021,奈良県,天川村,0.49887471867967
29447,2021,奈良県,野迫川村,0.530085959885387
29449,2021,奈良県,十津川村,0.461415816326531
29450,2021,奈良県,下北山村,0.485849056603774
29451,2021,奈良県,上北山村,0.497907949790795
29452,2021,奈良県,川上村,0.575572519083969
29453,2021,奈良県,東吉野村,0.57360097323601
30201,2021,和歌山県,和歌山市,0.306759583038244
30202,2021,和歌山県,海南市,0.366899464024687
30203,2021,和歌山県,橋本市,0.331173377183699
30204,2021,和歌山県,有田市,0.34640378083001
30205,2021,和歌山県,御坊市,0.321398502237781
30206,2021,和歌山県,田辺市,0.332942572046612
30207,2021,和歌山県,新宮市,0.376312169695215
30208,2021,和歌山県,紀の川市,0.329915262619935
30209,2021,和歌山県,岩出市,0.236241359985055
30304,2021,和歌山県,紀美野町,0.47307012374779
30341,2021,和歌山県,かつらぎ町,0.392397302268547
30343,2021,和歌山県,九度山町,0.45885531810366
30344,2021,和歌山県,高野町,0.447368421052632
30361,2021,和歌山県,湯浅町,0.359365571933454
30362,2021,和歌山県,広川町,0.343850895215732
30366,2021,和歌山県,有田川町,0.320250634273853
30381,2021,和歌山県,美浜町,0.369577790630422
30382,2021,和歌山県,日高町,0.2944591695065
30383,2021,和歌山県,由良町,0.394913714804723
30390,2021,和歌山県,印南町,0.36359133126935
30391,2021,和歌山県,みなべ町,0.327691930340937
30392,2021,和歌山県,日高川町,0.359522573949144
30401,2021,和歌山県,白浜町,0.384827519473608
30404,2021,和歌山県,上富田町,0.269453749033754
30406,2021,和歌山県,すさみ町,0.47845507094062
30421,2021,和歌山県,那智勝浦町,0.427446646867878
30422,2021,和歌山県,太地町,0.434157754010695
30424,2021,和歌山県,古座川町,0.535255161667316
30427,2021,和歌山県,北山村,0.444964871194379
30428,2021,和歌山県,串本町,0.461952993117777
31201,2021,鳥取県,鳥取市,0.29691448403015
31202,2021,鳥取県,米子市,0.291954070181201
31203,2021,鳥取県,倉吉市,0.341308232012899
31204,2021,鳥取県,境港市,0.32644004347301
31302,2021,鳥取県,岩美町,0.368991137767434
31325,2021,鳥取県,若桜町,0.481444665341286
31328,2021,鳥取県,智頭町,0.42996840680006
31329,2021,鳥取県,八頭町,0.359160855974994
31364,2021,鳥取県,三朝町,0.402392344497608
31370,2021,鳥取県,湯梨浜町,0.320600600600601
31371,2021,鳥取県,琴浦町,0.368825139864302
31372,2021,鳥取県,北栄町,0.35081003486226
31384,2021,鳥取県,日吉津村,0.278218944980147
31386,2021,鳥取県,大山町,0.397694889494016
31389,2021,鳥取県,南部町,0.37789813759027
31390,2021,鳥取県,伯耆町,0.383403263403263
31401,2021,鳥取県,日南町,0.514102270121532
31402,2021,鳥取県,日野町,0.495786990225817
31403,2021,鳥取県,江府町,0.477034358047016
32201,2021,島根県,松江市,0.29882409624042
32202,2021,島根県,浜田市,0.373652602402217
32203,2021,島根県,出雲市,0.306119329272595
32204,2021,島根県,益田市,0.381938306522892
32205,2021,島根県,大田市,0.404952745543725
32206,2021,島根県,安来市,0.369926617745163
32207,2021,島根県,江津市,0.395490178807364
32209,2021,島根県,雲南市,0.395872878138728
32343,2021,島根県,奥出雲町,0.441329694864798
32386,2021,島根県,飯南町,0.454953031596926
32441,2021,島根県,川本町,0.449229801949073
32448,2021,島根県,美郷町,0.474564926372155
32449,2021,島根県,邑南町,0.448949824970828
32501,2021,島根県,津和野町,0.491803278688525
32505,2021,島根県,吉賀町,0.451819407008086
32525,2021,島根県,海士町,0.416061705989111
32526,2021,島根県,西ノ島町,0.475945648182152
32527,2021,島根県,知夫村,0.453271028037383
32528,2021,島根県,隠岐の島町,0.407764876632801
33101,2021,岡山県,岡山市北区,0.256233818378169
33102,2021,岡山県,岡山市中区,0.260337494855261
33103,2021,岡山県,岡山市東区,0.31065630248482
33104,2021,岡山県,岡山市南区,0.267549780121548
33202,2021,岡山県,倉敷市,0.276730818243284
33203,2021,岡山県,津山市,0.31033959208462
33204,2021,岡山県,玉野市,0.385840398566559
33205,2021,岡山県,笠岡市,0.37047054782758
33207,2021,岡山県,井原市,0.375961985434637
33208,2021,岡山県,総社市,0.287918760777609
33209,2021,岡山県,高梁市,0.421356828193833
33210,2021,岡山県,新見市,0.421469971197952
33211,2021,岡山県,備前市,0.393775908315045
33212,2021,岡山県,瀬戸内市,0.343250431873646
33213,2021,岡山県,赤磐市,0.337204747090679
33214,2021,岡山県,真庭市,0.39077868852459
33215,2021,岡山県,美作市,0.411093909300306
33216,2021,岡山県,浅口市,0.368816884661118
33346,2021,岡山県,和気町,0.403960833394685
33423,2021,岡山県,早島町,0.27622736975255
33445,2021,岡山県,里庄町,0.312926407714
33461,2021,岡山県,矢掛町,0.395132743362832
33586,2021,岡山県,新庄村,0.420935412026726
33606,2021,岡山県,鏡野町,0.376792079207921
33622,2021,岡山県,勝央町,0.306536302734021
33623,2021,岡山県,奈義町,0.350405242283152
33643,2021,岡山県,西粟倉村,0.372965322009908
33663,2021,岡山県,久米南町,0.453823024054983
33666,2021,岡山県,美咲町,0.411954056624479
33681,2021,岡山県,吉備中央町,0.417414889637112
34101,2021,広島県,広島市中区,0.252743163921604
34102,2021,広島県,広島市東区,0.266495678745863
34103,2021,広島県,広島市南区,0.247841757365092
34104,2021,広島県,広島市西区,0.237047059778638
34105,2021,広島県,広島市安佐南区,0.213959508029149
34106,2021,広島県,広島市安佐北区,0.342620031343496
34107,2021,広島県,広島市安芸区,0.26979881381556
34108,2021,広島県,広島市佐伯区,0.271306431020385
34202,2021,広島県,呉市,0.359077035087228
34203,2021,広島県,竹原市,0.418012524719842
34204,2021,広島県,三原市,0.359391541761854
34205,2021,広島県,尾道市,0.369056230250885
34207,2021,広島県,福山市,0.291134529756614
34208,2021,広島県,府中市,0.381281942078365
34209,2021,広島県,三次市,0.362489120974761
34210,2021,広島県,庄原市,0.43732235907153
34211,2021,広島県,大竹市,0.357004002287021
34212,2021,広島県,東広島市,0.252131808566896
34213,2021,広島県,廿日市市,0.305485648064067
34214,2021,広島県,安芸高田市,0.409217877094972
34215,2021,広島県,江田島市,0.454877484974572
34302,2021,広島県,府中町,0.246787831664885
34304,2021,広島県,海田町,0.244070676180768
34307,2021,広島県,熊野町,0.355132626559373
34309,2021,広島県,坂町,0.300625978090767
34368,2021,広島県,安芸太田町,0.510517529215359
34369,2021,広島県,北広島町,0.395856916459135
34431,2021,広島県,大崎上島町,0.481682685610809
34462,2021,広島県,世羅町,0.421977309562399
34545,2021,広島県,神石高原町,0.483762076591782
35201,2021,山口県,下関市,0.357856056265681
35202,2021,山口県,宇部市,0.333942138646091
35203,2021,山口県,山口市,0.297754356231132
35204,2021,山口県,萩市,0.438048780487805
35206,2021,山口県,防府市,0.310290727739651
35207,2021,山口県,下松市,0.294488272356647
35208,2021,山口県,岩国市,0.357777863152637
35210,2021,山口県,光市,0.356738369184592
35211,2021,山口県,長門市,0.438469556686492
35212,2021,山口県,柳井市,0.388365543362144
35213,2021,山口県,美祢市,0.431188696366072
35215,2021,山口県,周南市,0.331130389856414
35216,2021,山口県,山陽小野田市,0.343719155096401
35305,2021,山口県,周防大島町,0.546181289640592
35321,2021,山口県,和木町,0.28169014084507
35341,2021,山口県,上関町,0.569165378670788
35343,2021,山口県,田布施町,0.361438521296544
35344,2021,山口県,平生町,0.397863470557582
35502,2021,山口県,阿武町,0.502060221870048
36201,2021,徳島県,徳島市,0.296119496150707
36202,2021,徳島県,鳴門市,0.350419535283993
36203,2021,徳島県,小松島市,0.350729777656527
36204,2021,徳島県,阿南市,0.332007952286282
36205,2021,徳島県,吉野川市,0.374164026751144
36206,2021,徳島県,阿波市,0.37311320754717
36207,2021,徳島県,美馬市,0.388622540250447
36208,2021,徳島県,三好市,0.455249429409847
36301,2021,徳島県,勝浦町,0.443913130105599
36302,2021,徳島県,上勝町,0.529920212765957
36321,2021,徳島県,佐那河内村,0.472792149866191
36341,2021,徳島県,石井町,0.330094019119855
36342,2021,徳島県,神山町,0.532462391132225
36368,2021,徳島県,那賀町,0.508858516831182
36383,2021,徳島県,牟岐町,0.518726114649682
36387,2021,徳島県,美波町,0.485167163710563
36388,2021,徳島県,海陽町,0.464997154240182
36401,2021,徳島県,松茂町,0.254393079210597
36402,2021,徳島県,北島町,0.255640072607831
36403,2021,徳島県,藍住町,0.249737223374336
36404,2021,徳島県,板野町,0.335056248099726
36405,2021,徳島県,上板町,0.352486472558619
36468,2021,徳島県,つるぎ町,0.46011396011396
36489,2021,徳島県,東みよし町,0.355127470638785
37201,2021,香川県,高松市,0.281741046727285
37202,2021,香川県,丸亀市,0.287467887252596
37203,2021,香川県,坂出市,0.353763987792472
37204,2021,香川県,善通寺市,0.316192490067923
37205,2021,香川県,観音寺市,0.335457277801632
37206,2021,香川県,さぬき市,0.373296072700898
37207,2021,香川県,東かがわ市,0.426668029714442
37208,2021,香川県,三豊市,0.362691924542623
37322,2021,香川県,土庄町,0.426677589930737
37324,2021,香川県,小豆島町,0.429598007826396
37341,2021,香川県,三木町,0.319538472737861
37364,2021,香川県,直島町,0.344610281923715
37386,2021,香川県,宇多津町,0.217586934785024
37387,2021,香川県,綾川町,0.360841009894234
37403,2021,香川県,琴平町,0.401993740581894
37404,2021,香川県,多度津町,0.3346317601232
37406,2021,香川県,まんのう町,0.373681873681874
38201,2021,愛媛県,松山市,0.282220908927396
38202,2021,愛媛県,今治市,0.358031796273649
38203,2021,愛媛県,宇和島市,0.395188814268413
38204,2021,愛媛県,八幡浜市,0.406441243741114
38205,2021,愛媛県,新居浜市,0.325324268410977
38206,2021,愛媛県,西条市,0.327117896140232
38207,2021,愛媛県,大洲市,0.364954422566213
38210,2021,愛媛県,伊予市,0.338048012376032
38213,2021,愛媛県,四国中央市,0.329111676628987
38214,2021,愛媛県,西予市,0.435466108694455
38215,2021,愛媛県,東温市,0.311528633699083
38356,2021,愛媛県,上島町,0.484437350359138
38386,2021,愛媛県,久万高原町,0.48777707409753
38401,2021,愛媛県,松前町,0.311270888735677
38402,2021,愛媛県,砥部町,0.33609576427256
38422,2021,愛媛県,内子町,0.40285071267817
38442,2021,愛媛県,伊方町,0.475667722951562
38484,2021,愛媛県,松野町,0.465731675046309
38488,2021,愛媛県,鬼北町,0.458549486318788
38506,2021,愛媛県,愛南町,0.446324358785739
39201,2021,高知県,高知市,0.299660218338316
39202,2021,高知県,室戸市,0.507522964840038
39203,2021,高知県,安芸市,0.408097648109556
39204,2021,高知県,南国市,0.316712775311501
39205,2021,高知県,土佐市,0.371445948000608
39206,2021,高知県,須崎市,0.406069993707343
39208,2021,高知県,宿毛市,0.387222222222222
39209,2021,高知県,土佐清水市,0.497870033304934
39210,2021,高知県,四万十市,0.36394025176173
39211,2021,高知県,香南市,0.323703996834191
39212,2021,高知県,香美市,0.399577828160425
39301,2021,高知県,東洋町,0.529077393965894
39302,2021,高知県,奈半利町,0.450885668276973
39303,2021,高知県,田野町,0.418013856812933
39304,2021,高知県,安田町,0.446332046332046
39305,2021,高知県,北川村,0.445337620578778
39306,2021,高知県,馬路村,0.402409638554217
39307,2021,高知県,芸西村,0.384636793765655
39341,2021,高知県,本山町,0.469291801351748
39344,2021,高知県,大豊町,0.591891092039065
39363,2021,高知県,土佐町,0.451011714589989
39364,2021,高知県,大川村,0.452127659574468
39386,2021,高知県,いの町,0.392549885140309
39387,2021,高知県,仁淀川町,0.55357848952155
39401,2021,高知県,中土佐町,0.477078477078477
39402,2021,高知県,佐川町,0.399518265756724
39403,2021,高知県,越知町,0.466318342974436
39405,2021,高知県,檮原町,0.459546925566343
39410,2021,高知県,日高村,0.42569066344021
39411,2021,高知県,津野町,0.449034334763948
39412,2021,高知県,四万十町,0.444532681734881
39424,2021,高知県,大月町,0.480150438779774
39427,2021,高知県,三原村,0.464769647696477
39428,2021,高知県,黒潮町,0.451534658083776
40101,2021,福岡県,北九州市門司区,0.371090474593325
40103,2021,福岡県,北九州市若松区,0.327238514960571
40105,2021,福岡県,北九州市戸畑区,0.322713422782915
40106,2021,福岡県,北九州市小倉北区,0.293806761918235
40107,2021,福岡県,北九州市小倉南区,0.286318305289731
40108,2021,福岡県,北九州市八幡東区,0.363218710845051
40109,2021,福岡県,北九州市八幡西区,0.300042956188702
40131,2021,福岡県,福岡市東区,0.228064604828995
40132,2021,福岡県,福岡市博多区,0.187316084553536
40133,2021,福岡県,福岡市中央区,0.193287468450143
40134,2021,福岡県,福岡市南区,0.233568025143892
40135,2021,福岡県,福岡市西区,0.238997912724577
40136,2021,福岡県,福岡市城南区,0.253244669757592
40137,2021,福岡県,福岡市早良区,0.23970818613241
40202,2021,福岡県,大牟田市,0.371199309128855
40203,2021,福岡県,久留米市,0.277200942035503
40204,2021,福岡県,直方市,0.335255339404717
40205,2021,福岡県,飯塚市,0.318862311079376
40206,2021,福岡県,田川市,0.343043750946171
40207,2021,福岡県,柳川市,0.337853773584906
40210,2021,福岡県,八女市,0.360474964980291
40211,2021,福岡県,筑後市,0.275386595305701
40212,2021,福岡県,大川市,0.361785056047376
40213,2021,福岡県,行橋市,0.301095041893648
40214,2021,福岡県,豊前市,0.367894608441083
40215,2021,福岡県,中間市,0.381608403650766
40216,2021,福岡県,小郡市,0.281259063379681
40217,2021,福岡県,筑紫野市,0.257901013714967
40218,2021,福岡県,春日市,0.223455087422699
40219,2021,福岡県,大野城市,0.219120705020299
40220,2021,福岡県,宗像市,0.297304587803208
40221,2021,福岡県,太宰府市,0.280106360646561
40223,2021,福岡県,古賀市,0.272178174022527
40224,2021,福岡県,福津市,0.277471704892509
40225,2021,福岡県,うきは市,0.350609862649844
40226,2021,福岡県,宮若市,0.358009573639096
40227,2021,福岡県,嘉麻市,0.39618366455558
40228,2021,福岡県,朝倉市,0.351729370112438
40229,2021,福岡県,みやま市,0.382056507132235
40230,2021,福岡県,糸島市,0.297528827057417
40231,2021,福岡県,那珂川市,0.234809495312188
40341,2021,福岡県,宇美町,0.28077747916497
40342,2021,福岡県,篠栗町,0.24635275339186
40343,2021,福岡県,志免町,0.237897438127963
40344,2021,福岡県,須恵町,0.264914549330724
40345,2021,福岡県,新宮町,0.186399807089462
40348,2021,福岡県,久山町,0.276917900403769
40349,2021,福岡県,粕屋町,0.180106340499758
40381,2021,福岡県,芦屋町,0.322940694992187
40382,2021,福岡県,水巻町,0.329417736204771
40383,2021,福岡県,岡垣町,0.333057877506913
40384,2021,福岡県,遠賀町,0.342449151649278
40401,2021,福岡県,小竹町,0.423258395781293
40402,2021,福岡県,鞍手町,0.391162669447341
40421,2021,福岡県,桂川町,0.349597814539384
40447,2021,福岡県,筑前町,0.301980697447624
40448,2021,福岡県,東峰村,0.444777611194403
40503,2021,福岡県,大刀洗町,0.284487212606562
40522,2021,福岡県,大木町,0.28631835447574
40544,2021,福岡県,広川町,0.292452340138175
40601,2021,福岡県,香春町,0.4133695855991
40602,2021,福岡県,添田町,0.432955517536356
40604,2021,福岡県,糸田町,0.368701166345827
40605,2021,福岡県,川崎町,0.378619015005292
40608,2021,福岡県,大任町,0.371423084309583
40609,2021,福岡県,赤村,0.399152818507657
40610,2021,福岡県,福智町,0.354719531425997
40621,2021,福岡県,苅田町,0.253519186799262
40625,2021,福岡県,みやこ町,0.40785864978903
40642,2021,福岡県,吉富町,0.316714221354558
40646,2021,福岡県,上毛町,0.355907397551889
40647,2021,福岡県,築上町,0.371990255509603
41201,2021,佐賀県,佐賀市,0.285318390839602
41202,2021,佐賀県,唐津市,0.32483017473739
41203,2021,佐賀県,鳥栖市,0.240286720598756
41204,2021,佐賀県,多久市,0.366247368136911
41205,2021,佐賀県,伊万里市,0.321735057148211
41206,2021,佐賀県,武雄市,0.312843733201009
41207,2021,佐賀県,鹿島市,0.327603177951206
41208,2021,佐賀県,小城市,0.289108334452954
41209,2021,佐賀県,嬉野市,0.346045308458101
41210,2021,佐賀県,神埼市,0.315110466053862
41327,2021,佐賀県,吉野ヶ里町,0.251032928508827
41341,2021,佐賀県,基山町,0.314395482856977
41345,2021,佐賀県,上峰町,0.258316821357806
41346,2021,佐賀県,みやき町,0.344500978473581
41387,2021,佐賀県,玄海町,0.337409672040022
41401,2021,佐賀県,有田町,0.348111403916705
41423,2021,佐賀県,大町町,0.400413617562838
41424,2021,佐賀県,江北町,0.285803302523627
41425,2021,佐賀県,白石町,0.353305506934159
41441,2021,佐賀県,太良町,0.382262635805385
42201,2021,長崎県,長崎市,0.329968506790876
42202,2021,長崎県,佐世保市,0.320082749710744
42203,2021,長崎県,島原市,0.354513375071144
42204,2021,長崎県,諫早市,0.304085932168185
42205,2021,長崎県,大村市,0.251472180683752
42207,2021,長崎県,平戸市,0.407726034677473
42208,2021,長崎県,松浦市,0.375530313398111
42209,2021,長崎県,対馬市,0.379869689154337
42210,2021,長崎県,壱岐市,0.37791595859725
42211,2021,長崎県,五島市,0.402640538071909
42212,2021,長崎県,西海市,0.392043099875673
42213,2021,長崎県,雲仙市,0.356092935040303
42214,2021,長崎県,南島原市,0.399392042103353
42307,2021,長崎県,長与町,0.268934889703206
42308,2021,長崎県,時津町,0.265878827095324
42321,2021,長崎県,東彼杵町,0.375569142708469
42322,2021,長崎県,川棚町,0.335523434077968
42323,2021,長崎県,波佐見町,0.321657146789622
42383,2021,長崎県,小値賀町,0.504291845493562
42391,2021,長崎県,佐々町,0.277615554447689
42411,2021,長崎県,新上五島町,0.419304055154443
43101,2021,熊本県,熊本市中央区,0.253779647961002
43102,2021,熊本県,熊本市東区,0.24386036181
43103,2021,熊本県,熊本市西区,0.310254786270653
43104,2021,熊本県,熊本市南区,0.259821394641839
43105,2021,熊本県,熊本市北区,0.288734638948897
43202,2021,熊本県,八代市,0.348112193373945
43203,2021,熊本県,人吉市,0.370792616720955
43204,2021,熊本県,荒尾市,0.357863119502253
43205,2021,熊本県,水俣市,0.399771969089143
43206,2021,熊本県,玉名市,0.34608048383345
43208,2021,熊本県,山鹿市,0.377488438560626
43210,2021,熊本県,菊池市,0.340605624563557
43211,2021,熊本県,宇土市,0.300665720833788
43212,2021,熊本県,上天草市,0.410639843959154
43213,2021,熊本県,宇城市,0.344208357144094
43214,2021,熊本県,阿蘇市,0.395142606055764
43215,2021,熊本県,天草市,0.405538943288715
43216,2021,熊本県,合志市,0.24233823388717
43348,2021,熊本県,美里町,0.453768372771813
43364,2021,熊本県,玉東町,0.365848984285167
43367,2021,熊本県,南関町,0.398771684085767
43368,2021,熊本県,長洲町,0.370013037809648
43369,2021,熊本県,和水町,0.415299979240191
43403,2021,熊本県,大津町,0.225609930497955
43404,2021,熊本県,菊陽町,0.208711647760772
43423,2021,熊本県,南小国町,0.410537297861242
43424,2021,熊本県,小国町,0.419874140201961
43425,2021,熊本県,産山村,0.432336182336182
43428,2021,熊本県,高森町,0.423283000487092
43432,2021,熊本県,西原村,0.318373493975904
43433,2021,熊本県,南阿蘇村,0.419323483670295
43441,2021,熊本県,御船町,0.348729792147806
43442,2021,熊本県,嘉島町,0.266438852645749
43443,2021,熊本県,益城町,0.29593589009731
43444,2021,熊本県,甲佐町,0.390314489677793
43447,2021,熊本県,山都町,0.491726265600897
43468,2021,熊本県,氷川町,0.390355508623724
43482,2021,熊本県,芦北町,0.44663840096911
43484,2021,熊本県,津奈木町,0.424432966539412
43501,2021,熊本県,錦町,0.332633988174709
43505,2021,熊本県,多良木町,0.420466943050404
43506,2021,熊本県,湯前町,0.4435548438751
43507,2021,熊本県,水上村,0.429915333960489
43510,2021,熊本県,相良村,0.418220438989851
43511,2021,熊本県,五木村,0.492233009708738
43512,2021,熊本県,山江村,0.350794585050029
43513,2021,熊本県,球磨村,0.454383358098068
43514,2021,熊本県,あさぎり町,0.38231530742811
43531,2021,熊本県,苓北町,0.422090157993912
44201,2021,大分県,大分市,0.275416386829733
44202,2021,大分県,別府市,0.351864485897413
44203,2021,大分県,中津市,0.306987705913796
44204,2021,大分県,日田市,0.353336586748107
44205,2021,大分県,佐伯市,0.402235283898428
44206,2021,大分県,臼杵市,0.407761001904047
44207,2021,大分県,津久見市,0.447811246182406
44208,2021,大分県,竹田市,0.479462683671985
44209,2021,大分県,豊後高田市,0.391087066159277
44210,2021,大分県,杵築市,0.378258082894175
44211,2021,大分県,宇佐市,0.368765361373422
44212,2021,大分県,豊後大野市,0.438962773680237
44213,2021,大分県,由布市,0.342228450460658
44214,2021,大分県,国東市,0.429619696800387
44322,2021,大分県,姫島村,0.513989637305699
44341,2021,大分県,日出町,0.303748094039218
44461,2021,大分県,九重町,0.438353123959605
44462,2021,大分県,玖珠町,0.384263618022865
45201,2021,宮崎県,宮崎市,0.28240267932236
45202,2021,宮崎県,都城市,0.317304484288309
45203,2021,宮崎県,延岡市,0.342953934039656
45204,2021,宮崎県,日南市,0.384985824692221
45205,2021,宮崎県,小林市,0.368927412584239
45206,2021,宮崎県,日向市,0.322282753122509
45207,2021,宮崎県,串間市,0.421133231240429
45208,2021,宮崎県,西都市,0.374110471026771
45209,2021,宮崎県,えびの市,0.430851350622742
45341,2021,宮崎県,三股町,0.271577726218097
45361,2021,宮崎県,高原町,0.410794767505771
45382,2021,宮崎県,国富町,0.368370911400445
45383,2021,宮崎県,綾町,0.36608138238573
45401,2021,宮崎県,高鍋町,0.3322370060298
45402,2021,宮崎県,新富町,0.313987571813812
45403,2021,宮崎県,西米良村,0.423251589464124
45404,2021,宮崎県,木城町,0.36428149024246
45405,2021,宮崎県,川南町,0.357194457214159
45406,2021,宮崎県,都農町,0.385215131388969
45421,2021,宮崎県,門川町,0.336737572645715
45429,2021,宮崎県,諸塚村,0.441919191919192
45430,2021,宮崎県,椎葉村,0.442458100558659
45431,2021,宮崎県,美郷町,0.509489336724711
45441,2021,宮崎県,高千穂町,0.423612870534583
45442,2021,宮崎県,日之影町,0.457671268559521
45443,2021,宮崎県,五ヶ瀬町,0.425841184387618
46201,2021,鹿児島県,鹿児島市,0.276449547878119
46203,2021,鹿児島県,鹿屋市,0.297881355932203
46204,2021,鹿児島県,枕崎市,0.413520370094016
46206,2021,鹿児島県,阿久根市,0.415342437934711
46208,2021,鹿児島県,出水市,0.333843417050823
46210,2021,鹿児島県,指宿市,0.39498767252116
46213,2021,鹿児島県,西之表市,0.382181011892764
46214,2021,鹿児島県,垂水市,0.439113075716526
46215,2021,鹿児島県,薩摩川内市,0.324892791505003
46216,2021,鹿児島県,日置市,0.350190698948522
46217,2021,鹿児島県,曽於市,0.414500246899236
46218,2021,鹿児島県,霧島市,0.277606410824306
46219,2021,鹿児島県,いちき串木野市,0.378635388144749
46220,2021,鹿児島県,南さつま市,0.402149628645613
46221,2021,鹿児島県,志布志市,0.359369828556298
46222,2021,鹿児島県,奄美市,0.321720925856229
46223,2021,鹿児島県,南九州市,0.401637884991989
46224,2021,鹿児島県,伊佐市,0.415954072825083
46225,2021,鹿児島県,姶良市,0.311968412194964
46303,2021,鹿児島県,三島村,0.278215223097113
46304,2021,鹿児島県,十島村,0.307692307692308
46392,2021,鹿児島県,さつま町,0.418752483114819
46404,2021,鹿児島県,長島町,0.368919585594475
46452,2021,鹿児島県,湧水町,0.442911619560341
46468,2021,鹿児島県,大崎町,0.402347833078717
46482,2021,鹿児島県,東串良町,0.37462896422434
46490,2021,鹿児島県,錦江町,0.456236786469345
46491,2021,鹿児島県,南大隅町,0.491643248040231
46492,2021,鹿児島県,肝付町,0.416446342620839
46501,2021,鹿児島県,中種子町,0.39207844149142
46502,2021,鹿児島県,南種子町,0.361813583815029
46505,2021,鹿児島県,屋久島町,0.362511419317332
46523,2021,鹿児島県,大和村,0.426275331935709
46524,2021,鹿児島県,宇検村,0.434808259587021
46525,2021,鹿児島県,瀬戸内町,0.374716038164471
46527,2021,鹿児島県,龍郷町,0.330897009966777
46529,2021,鹿児島県,喜界町,0.403398271568771
46530,2021,鹿児島県,徳之島町,0.324688895221811
46531,2021,鹿児島県,天城町,0.362549800796813
46532,2021,鹿児島県,伊仙町,0.37050138418948
46533,2021,鹿児島県,和泊町,0.3670465337132
46534,2021,鹿児島県,知名町,0.377615062761506
46535,2021,鹿児島県,与論町,0.352534562211982
47201,2021,沖縄県,那覇市,0.239076368665816
47205,2021,沖縄県,宜野湾市,0.198123614723653
47207,2021,沖縄県,石垣市,0.223635550859511
47208,2021,沖縄県,浦添市,0.20237211455322
47209,2021,沖縄県,名護市,0.227157521226714
47210,2021,沖縄県,糸満市,0.218602378237498
47211,2021,沖縄県,沖縄市,0.207279916104529
47212,2021,沖縄県,豊見城市,0.192210056275997
47213,2021,沖縄県,うるま市,0.22568862082312
47214,2021,沖縄県,宮古島市,0.266338235561454
47215,2021,沖縄県,南城市,0.256125968731801
47301,2021,沖縄県,国頭村,0.356254092992796
47302,2021,沖縄県,大宜味村,0.386758439855785
47303,2021,沖縄県,東村,0.35934769947583
47306,2021,沖縄県,今帰仁村,0.33153580672994
47308,2021,沖縄県,本部町,0.32032032032032
47311,2021,沖縄県,恩納村,0.259270072992701
47313,2021,沖縄県,宜野座村,0.242182410423453
47314,2021,沖縄県,金武町,0.268206665491095
47315,2021,沖縄県,伊江村,0.343897505057316
47324,2021,沖縄県,読谷村,0.221595625213613
47325,2021,沖縄県,嘉手納町,0.241830065359477
47326,2021,沖縄県,北谷町,0.208441766781933
47327,2021,沖縄県,北中城村,0.22417746188238
47328,2021,沖縄県,中城村,0.195480069962257
47329,2021,沖縄県,西原町,0.220976253298153
47348,2021,沖縄県,与那原町,0.205742584162873
47350,2021,沖縄県,南風原町,0.187070425341169
47353,2021,沖縄県,渡嘉敷村,0.224233983286908
47354,2021,沖縄県,座間味村,0.245261984392419
47355,2021,沖縄県,粟国村,0.374269005847953
47356,2021,沖縄県,渡名喜村,0.45906432748538
47357,2021,沖縄県,南大東村,0.255718954248366
47358,2021,沖縄県,北大東村,0.215686274509804
47359,2021,沖縄県,伊平屋村,0.295833333333333
47360,2021,沖縄県,伊是名村,0.322995461422088
47361,2021,沖縄県,久米島町,0.301751176163095
47362,2021,沖縄県,八重瀬町,0.218865306379892
47375,2021,沖縄県,多良間村,0.319890009165903
47381,2021,沖縄県,竹富町,0.231346785546692
47382,2021,沖縄県,与那国町,0.220833333333333
